ds,SKU,SKU_Desc,y,Rev,Cost,Base
2020-01-31,58122108,"58122108 - Charcuterie Chorizo, Cold Smoked Fresh TRSM",93.85,1471.5525,1024.842,1376.6375
2020-01-31,58122113,58122113 - Charcuterie Coppa Fresh TRSM,55.42,877.8406,643.4262,849.9161
2020-01-31,58122135,58122135 - Charcuterie Beef Bresaola Fresh TRSM,133.73,3757.5399,2778.9094,3711.1195
2020-01-31,58122137,"58122137 - Charcuterie Pepperbites, Cold Smoked Fresh TRSM",137.24,1985.93,1276.3319999999999,1705.9448
2020-01-31,58122140,"58122140 - Charcuterie Spicy Pork Pepperoni, Cold Smoked Fresh TRSM",146.57999999999998,1964.7679,1426.2234,1850.6651
2020-01-31,58122147,58122147 - Charcuterie Elk Goteborg Salami Fresh TRSM,58.0,1288.8375,949.46,1251.4582
2020-01-31,58122148,58122148 - Charcuterie Sour Tuscan Salami Fresh TRSM,62.08,1116.6462999999999,784.0704000000001,1032.3054
2020-01-31,58122154,58122154 - Charcuterie Soria Chorizo Salami Fresh TRSM,201.79000000000002,3637.0438,2597.0373,3471.4817000000003
2020-01-31,58122162,58122162 - Charcuterie Guanciale S-OFF Fresh TRSM,146.64,1428.03,1026.48,1371.2064
2020-01-31,58122166,58122166 - Charcuterie Bison and Herb Salami Fresh TRSM,103.05,2434.1955,1838.412,2418.6516
2020-01-31,58122177,58122177 - Charcuterie Pancetta Flat Fresh TRSM,245.07999999999998,2863.3258,2200.8184,2922.658
2020-01-31,58122195,58122195 - Charcuterie Pork Pizza Pepperoni Hot Smoked Fresh TRSM,287.235,3977.2057,2918.3076,3935.1148
2020-01-31,58122213,58122213 - Charcuterie Fennel Sticks Cold Smoked Fresh TRSM,144.8,2306.5138,1721.672,2237.7064
2020-01-31,58122225,58122225 - Charcuterie Beer Sticks Cold Smoked Fresh TRSM,102.62,1336.9511,978.9947999999999,1225.1166
2020-01-31,58122239,58122239 - Charcuterie Lonzino Fresh TRSM,102.86,1580.2175,1033.743,1366.7283
2020-01-31,58122249,58122249 - Charcuterie Beef Summer Salami Fresh TRSM,56.34,821.0550000000001,591.57,772.9708
2020-01-31,58122256,58122256 - Charcuterie Hot Smoked Pep Fresh TRSM,111.33,1138.695,791.5563,1037.6309999999999
2020-01-31,58122287,58122287 - Charcuterie Beef & Bison Pepper Sticks Cold Smoked Fresh TRSM,87.7,2022.8836,1586.493,2019.3437999999999
2020-02-29,58122108,"58122108 - Charcuterie Chorizo, Cold Smoked Fresh TRSM",101.32000000000001,1592.8179,1106.4144,1481.9094
2020-02-29,58122113,58122113 - Charcuterie Coppa Fresh TRSM,36.8,611.625,427.248,571.504
2020-02-29,58122120,"58122120 - Charcuterie Duck Prosciutto, Cold Smoked Fresh TRSM",63.2,1526.2896,1174.256,1482.6991
2020-02-29,58122135,58122135 - Charcuterie Beef Bresaola Fresh TRSM,54.65,1523.0383,1135.627,1499.2342
2020-02-29,58122137,"58122137 - Charcuterie Pepperbites, Cold Smoked Fresh TRSM",96.82000000000001,1408.9850000000001,900.4259999999999,1202.6872
2020-02-29,58122140,"58122140 - Charcuterie Spicy Pork Pepperoni, Cold Smoked Fresh TRSM",148.0,2024.9058,1440.04,1886.6683
2020-02-29,58122147,58122147 - Charcuterie Elk Goteborg Salami Fresh TRSM,61.54,1321.4613,1007.4098,1312.6276
2020-02-29,58122148,58122148 - Charcuterie Sour Tuscan Salami Fresh TRSM,69.99,1252.71,883.9737,1164.4898
2020-02-29,58122154,58122154 - Charcuterie Soria Chorizo Salami Fresh TRSM,144.99,2627.4034,1866.0213,2485.8816
2020-02-29,58122162,58122162 - Charcuterie Guanciale S-OFF Fresh TRSM,106.19,1040.9928,743.33,989.1987
2020-02-29,58122166,58122166 - Charcuterie Bison and Herb Salami Fresh TRSM,77.97,1852.7259999999999,1390.9848,1817.4452
2020-02-29,58122177,58122177 - Charcuterie Pancetta Flat Fresh TRSM,95.11999999999999,1120.533,854.1776,1145.1036
2020-02-29,58122195,58122195 - Charcuterie Pork Pizza Pepperoni Hot Smoked Fresh TRSM,310.32,4349.0689,3152.8512,4249.0576
2020-02-29,58122213,58122213 - Charcuterie Fennel Sticks Cold Smoked Fresh TRSM,89.22,1443.1237,1060.8258,1405.425
2020-02-29,58122225,58122225 - Charcuterie Beer Sticks Cold Smoked Fresh TRSM,104.5,1408.4145,996.9300000000001,1282.7919
2020-02-29,58122239,58122239 - Charcuterie Lonzino Fresh TRSM,102.07,1567.087,1025.8035,1356.2071
2020-02-29,58122249,58122249 - Charcuterie Beef Summer Salami Fresh TRSM,86.56,1240.9259,908.88,1181.6336000000001
2020-02-29,58122256,58122256 - Charcuterie Hot Smoked Pep Fresh TRSM,90.95,913.5976,646.6545,835.6876
2020-02-29,58122287,58122287 - Charcuterie Beef & Bison Pepper Sticks Cold Smoked Fresh TRSM,106.76,2430.2099,1931.2884,2424.3456
2020-03-31,58122108,"58122108 - Charcuterie Chorizo, Cold Smoked Fresh TRSM",67.0,1060.6025,731.64,982.1705
2020-03-31,58122120,"58122120 - Charcuterie Duck Prosciutto, Cold Smoked Fresh TRSM",58.69,1402.4356,1090.4602,1382.4381
2020-03-31,58122135,58122135 - Charcuterie Beef Bresaola Fresh TRSM,21.75,588.9000000000001,451.96500000000003,605.9005
2020-03-31,58122137,"58122137 - Charcuterie Pepperbites, Cold Smoked Fresh TRSM",157.0,2289.015,1460.1,1953.3880000000001
2020-03-31,58122140,"58122140 - Charcuterie Spicy Pork Pepperoni, Cold Smoked Fresh TRSM",151.16,2031.6622,1470.7868,1904.2015999999999
2020-03-31,58122147,58122147 - Charcuterie Elk Goteborg Salami Fresh TRSM,61.91,1312.0933,1013.4667000000001,1288.8953000000001
2020-03-31,58122148,58122148 - Charcuterie Sour Tuscan Salami Fresh TRSM,38.64,695.299,488.0232,634.9365
2020-03-31,58122154,58122154 - Charcuterie Soria Chorizo Salami Fresh TRSM,25.48,466.015,327.9276,442.58759999999995
2020-03-31,58122162,58122162 - Charcuterie Guanciale S-OFF Fresh TRSM,42.99,415.805,300.93,401.9565
2020-03-31,58122166,58122166 - Charcuterie Bison and Herb Salami Fresh TRSM,74.38,1718.8399000000002,1326.9392,1702.7796
2020-03-31,58122177,58122177 - Charcuterie Pancetta Flat Fresh TRSM,94.47,1111.3303,848.3406,1115.1726
2020-03-31,58122195,58122195 - Charcuterie Pork Pizza Pepperoni Hot Smoked Fresh TRSM,216.3,3012.1745,2197.608,2959.124
2020-03-31,58122213,58122213 - Charcuterie Fennel Sticks Cold Smoked Fresh TRSM,135.03,2120.4385,1605.5067,2082.6468
2020-03-31,58122225,58122225 - Charcuterie Beer Sticks Cold Smoked Fresh TRSM,83.69,1146.9684,798.4026,1028.4623
2020-03-31,58122239,58122239 - Charcuterie Lonzino Fresh TRSM,55.11,819.9091,553.8555,728.3055
2020-03-31,58122249,58122249 - Charcuterie Beef Summer Salami Fresh TRSM,62.8,832.4068,659.4,812.644
2020-03-31,58122256,58122256 - Charcuterie Hot Smoked Pep Fresh TRSM,82.23,805.1906,584.6553,738.2606
2020-03-31,58122287,58122287 - Charcuterie Beef & Bison Pepper Sticks Cold Smoked Fresh TRSM,109.57,2527.7241,1982.1213,2519.7687
2020-04-30,58122108,"58122108 - Charcuterie Chorizo, Cold Smoked Fresh TRSM",59.2,926.03,646.4639999999999,869.3225
2020-04-30,58122113,58122113 - Charcuterie Coppa Fresh TRSM,46.79,736.0589,543.2319,692.8315
2020-04-30,58122120,"58122120 - Charcuterie Duck Prosciutto, Cold Smoked Fresh TRSM",20.69,482.52230000000003,384.42019999999997,471.56379999999996
2020-04-30,58122135,58122135 - Charcuterie Beef Bresaola Fresh TRSM,13.42,369.13,278.86760000000004,372.405
2020-04-30,58122137,"58122137 - Charcuterie Pepperbites, Cold Smoked Fresh TRSM",72.45,1093.57,673.785,902.0988
2020-04-30,58122140,"58122140 - Charcuterie Spicy Pork Pepperoni, Cold Smoked Fresh TRSM",130.25,1670.205,1267.3325,1612.5815
2020-04-30,58122147,58122147 - Charcuterie Elk Goteborg Salami Fresh TRSM,14.73,322.86289999999997,241.1301,320.37030000000004
2020-04-30,58122148,58122148 - Charcuterie Sour Tuscan Salami Fresh TRSM,13.55,236.59019999999998,171.1365,225.58620000000002
2020-04-30,58122154,58122154 - Charcuterie Soria Chorizo Salami Fresh TRSM,16.04,246.3743,206.4348,238.4443
2020-04-30,58122166,58122166 - Charcuterie Bison and Herb Salami Fresh TRSM,52.65,1226.2249,939.2760000000001,1218.5292
2020-04-30,58122177,58122177 - Charcuterie Pancetta Flat Fresh TRSM,134.29,1552.3084,1205.9242,1567.5276
2020-04-30,58122195,58122195 - Charcuterie Pork Pizza Pepperoni Hot Smoked Fresh TRSM,79.46000000000001,1076.1319,807.3136,1064.0038
2020-04-30,58122213,58122213 - Charcuterie Fennel Sticks Cold Smoked Fresh TRSM,37.94,567.1718,451.10659999999996,553.7646
2020-04-30,58122225,58122225 - Charcuterie Beer Sticks Cold Smoked Fresh TRSM,26.849999999999998,327.2149,256.149,306.1929
2020-04-30,58122239,58122239 - Charcuterie Lonzino Fresh TRSM,7.72,93.1155,77.586,86.3295
2020-04-30,58122249,58122249 - Charcuterie Beef Summer Salami Fresh TRSM,34.7,474.6115,364.35,454.8614
2020-04-30,58122256,58122256 - Charcuterie Hot Smoked Pep Fresh TRSM,36.16,258.663,257.0976,271.103
2020-04-30,58122287,58122287 - Charcuterie Beef & Bison Pepper Sticks Cold Smoked Fresh TRSM,84.55,1930.4183,1529.5095,1927.6077
2020-04-30,58122295,58122295 - Charcuterie Triple Fennel & Ale Salami Fresh TRSM,1.4,25.9,18.844,25.13
2020-05-31,58122108,"58122108 - Charcuterie Chorizo, Cold Smoked Fresh TRSM",78.84,1244.04,860.9328,1158.4560000000001
2020-05-31,58122113,58122113 - Charcuterie Coppa Fresh TRSM,34.55,556.2792,401.1255,516.0342
2020-05-31,58122120,"58122120 - Charcuterie Duck Prosciutto, Cold Smoked Fresh TRSM",35.8,831.9223000000001,665.164,815.3308
2020-05-31,58122135,58122135 - Charcuterie Beef Bresaola Fresh TRSM,42.07,1164.4885,874.2146,1172.6001
2020-05-31,58122137,"58122137 - Charcuterie Pepperbites, Cold Smoked Fresh TRSM",54.88,825.845,510.384,684.5596
2020-05-31,58122140,"58122140 - Charcuterie Spicy Pork Pepperoni, Cold Smoked Fresh TRSM",160.67000000000002,2089.1584000000003,1563.3191,2013.5049999999999
2020-05-31,58122147,58122147 - Charcuterie Elk Goteborg Salami Fresh TRSM,32.14,673.6419000000001,526.1318,673.1218
2020-05-31,58122148,58122148 - Charcuterie Sour Tuscan Salami Fresh TRSM,51.03,879.7721,644.5089,834.4586
2020-05-31,58122154,58122154 - Charcuterie Soria Chorizo Salami Fresh TRSM,36.08,649.027,464.3496,614.2115
2020-05-31,58122166,58122166 - Charcuterie Bison and Herb Salami Fresh TRSM,45.57,1078.8038999999999,812.9688,1070.4928
2020-05-31,58122177,58122177 - Charcuterie Pancetta Flat Fresh TRSM,166.27,2013.2625,1493.1046000000001,2006.2116
2020-05-31,58122195,58122195 - Charcuterie Pork Pizza Pepperoni Hot Smoked Fresh TRSM,202.0,2661.9265,2052.32,2629.5754
2020-05-31,58122213,58122213 - Charcuterie Fennel Sticks Cold Smoked Fresh TRSM,140.81,2232.4621,1674.2309,2179.4891
2020-05-31,58122225,58122225 - Charcuterie Beer Sticks Cold Smoked Fresh TRSM,40.62,501.40639999999996,387.5148,462.9081
2020-05-31,58122239,58122239 - Charcuterie Lonzino Fresh TRSM,23.31,363.778,234.2655,309.0277
2020-05-31,58122249,58122249 - Charcuterie Beef Summer Salami Fresh TRSM,34.65,481.075,363.825,460.383
2020-05-31,58122256,58122256 - Charcuterie Hot Smoked Pep Fresh TRSM,84.47,791.8054,600.5817,736.6914
2020-05-31,58122287,58122287 - Charcuterie Beef & Bison Pepper Sticks Cold Smoked Fresh TRSM,58.75,1312.4035,1062.7875,1304.4351
2020-05-31,58122295,58122295 - Charcuterie Triple Fennel & Ale Salami Fresh TRSM,11.28,206.55,151.8288,202.8576
2020-06-30,58122108,"58122108 - Charcuterie Chorizo, Cold Smoked Fresh TRSM",9.73,148.38,106.2516,143.153
2020-06-30,58122113,58122113 - Charcuterie Coppa Fresh TRSM,131.63,2189.3341,1528.2243,2025.1031
2020-06-30,58122120,"58122120 - Charcuterie Duck Prosciutto, Cold Smoked Fresh TRSM",67.36,1552.7123,1251.5488,1537.0463
2020-06-30,58122135,58122135 - Charcuterie Beef Bresaola Fresh TRSM,141.99,3955.753,2950.5522,3963.4345
2020-06-30,58122137,"58122137 - Charcuterie Pepperbites, Cold Smoked Fresh TRSM",69.63,1020.305,647.559,864.7379999999999
2020-06-30,58122140,"58122140 - Charcuterie Spicy Pork Pepperoni, Cold Smoked Fresh TRSM",215.67000000000002,2851.1815,2098.4691,2666.4197
2020-06-30,58122147,58122147 - Charcuterie Elk Goteborg Salami Fresh TRSM,112.76,2463.8784,1845.8812,2431.8494
2020-06-30,58122148,58122148 - Charcuterie Sour Tuscan Salami Fresh TRSM,117.53,2129.9246,1484.4039,1985.758
2020-06-30,58122154,58122154 - Charcuterie Soria Chorizo Salami Fresh TRSM,191.46,3462.0999,2464.0902,3278.6864
2020-06-30,58122162,58122162 - Charcuterie Guanciale S-OFF Fresh TRSM,31.740000000000002,309.1616,222.18,296.8106
2020-06-30,58122166,58122166 - Charcuterie Bison and Herb Salami Fresh TRSM,120.53,2825.6434,2150.2552,2796.5426
2020-06-30,58122177,58122177 - Charcuterie Pancetta Flat Fresh TRSM,150.39000000000001,1793.6284,1350.5022,1788.0475999999999
2020-06-30,58122195,58122195 - Charcuterie Pork Pizza Pepperoni Hot Smoked Fresh TRSM,273.34,3768.4932,2777.1344,3700.8538
2020-06-30,58122213,58122213 - Charcuterie Fennel Sticks Cold Smoked Fresh TRSM,138.77,2237.2295,1649.9753,2161.7073
2020-06-30,58122225,58122225 - Charcuterie Beer Sticks Cold Smoked Fresh TRSM,123.84,1564.9691,1181.4336,1436.564
2020-06-30,58122239,58122239 - Charcuterie Lonzino Fresh TRSM,81.91,1219.2031,823.1955,1077.0996
2020-06-30,58122249,58122249 - Charcuterie Beef Summer Salami Fresh TRSM,91.69,1306.02,962.745,1227.9624
2020-06-30,58122256,58122256 - Charcuterie Hot Smoked Pep Fresh TRSM,244.69,2359.8615,1739.7459000000001,2197.9235
2020-06-30,58122287,58122287 - Charcuterie Beef & Bison Pepper Sticks Cold Smoked Fresh TRSM,122.45,2735.6002,2215.1205,2691.3357
2020-06-30,58122295,58122295 - Charcuterie Triple Fennel & Ale Salami Fresh TRSM,55.03,1005.77,740.7038,991.2787
2020-07-31,58122108,"58122108 - Charcuterie Chorizo, Cold Smoked Fresh TRSM",247.16,3906.682,2698.9872,3633.137
2020-07-31,58122113,58122113 - Charcuterie Coppa Fresh TRSM,189.35,3123.4702,2198.3535,2931.2946
2020-07-31,58122120,"58122120 - Charcuterie Duck Prosciutto, Cold Smoked Fresh TRSM",43.9,1036.0325,815.662,1018.651
2020-07-31,58122135,58122135 - Charcuterie Beef Bresaola Fresh TRSM,184.37,5118.8375,3831.2086,5099.7526
2020-07-31,58122137,"58122137 - Charcuterie Pepperbites, Cold Smoked Fresh TRSM",103.63,1489.736,963.759,1288.9066
2020-07-31,58122140,"58122140 - Charcuterie Spicy Pork Pepperoni, Cold Smoked Fresh TRSM",251.73,3323.8896,2449.3329,3115.537
2020-07-31,58122147,58122147 - Charcuterie Elk Goteborg Salami Fresh TRSM,137.15,2993.186,2245.1455,2970.6191
2020-07-31,58122148,58122148 - Charcuterie Sour Tuscan Salami Fresh TRSM,207.6,3728.2095,2621.988,3455.7663
2020-07-31,58122154,58122154 - Charcuterie Soria Chorizo Salami Fresh TRSM,252.63,4547.594,3251.3481,4315.0882
2020-07-31,58122162,58122162 - Charcuterie Guanciale S-OFF Fresh TRSM,62.949999999999996,629.1402,440.65,584.1538
2020-07-31,58122166,58122166 - Charcuterie Bison and Herb Salami Fresh TRSM,202.05,4800.5104,3604.572,4800.4852
2020-07-31,58122177,58122177 - Charcuterie Pancetta Flat Fresh TRSM,185.69,2262.4305,1667.4962,2243.6892000000003
2020-07-31,58122195,58122195 - Charcuterie Pork Pizza Pepperoni Hot Smoked Fresh TRSM,471.08,6590.5175,4786.172799999999,6450.650799999999
2020-07-31,58122213,58122213 - Charcuterie Fennel Sticks Cold Smoked Fresh TRSM,254.54,3943.6247,3026.4806,3856.1985
2020-07-31,58122225,58122225 - Charcuterie Beer Sticks Cold Smoked Fresh TRSM,163.4,2084.5677,1558.836,1920.5811
2020-07-31,58122239,58122239 - Charcuterie Lonzino Fresh TRSM,140.2,2171.29,1409.01,1890.2955
2020-07-31,58122249,58122249 - Charcuterie Beef Summer Salami Fresh TRSM,175.64,2629.635,1844.22,2430.6408
2020-07-31,58122256,58122256 - Charcuterie Hot Smoked Pep Fresh TRSM,351.66,3466.4259,2500.3026,3198.2494
2020-07-31,58122287,58122287 - Charcuterie Beef & Bison Pepper Sticks Cold Smoked Fresh TRSM,148.91,3425.4231,2693.7819,3356.8599
2020-07-31,58122295,58122295 - Charcuterie Triple Fennel & Ale Salami Fresh TRSM,100.89,1848.615,1357.9794,1819.2627
2020-08-31,58122108,"58122108 - Charcuterie Chorizo, Cold Smoked Fresh TRSM",150.12,2397.4125,1639.3104,2206.218
2020-08-31,58122113,58122113 - Charcuterie Coppa Fresh TRSM,164.35999999999999,2712.9258,1908.2196,2546.0463
2020-08-31,58122120,"58122120 - Charcuterie Duck Prosciutto, Cold Smoked Fresh TRSM",74.86,1787.402,1390.8988,1756.9275
2020-08-31,58122135,58122135 - Charcuterie Beef Bresaola Fresh TRSM,161.78,4520.419,3361.7884,4513.8754
2020-08-31,58122137,"58122137 - Charcuterie Pepperbites, Cold Smoked Fresh TRSM",133.78,1920.8999999999999,1244.154,1663.1452
2020-08-31,58122140,"58122140 - Charcuterie Spicy Pork Pepperoni, Cold Smoked Fresh TRSM",201.89,2722.6776,1964.3897,2537.5189
2020-08-31,58122147,58122147 - Charcuterie Elk Goteborg Salami Fresh TRSM,149.73,3279.2496,2451.0801,3248.1375000000003
2020-08-31,58122148,58122148 - Charcuterie Sour Tuscan Salami Fresh TRSM,211.41,3853.0575,2670.1083,3581.8493
2020-08-31,58122154,58122154 - Charcuterie Soria Chorizo Salami Fresh TRSM,165.87,3003.7305,2134.7469,2838.302
2020-08-31,58122162,58122162 - Charcuterie Guanciale S-OFF Fresh TRSM,55.4,528.8805,387.8,499.848
2020-08-31,58122166,58122166 - Charcuterie Bison and Herb Salami Fresh TRSM,150.31,3606.2117,2681.5304,3559.436
2020-08-31,58122177,58122177 - Charcuterie Pancetta Flat Fresh TRSM,162.37,1962.4025,1458.0826,1961.9388
2020-08-31,58122195,58122195 - Charcuterie Pork Pizza Pepperoni Hot Smoked Fresh TRSM,537.95,7461.374,5465.572,7300.4006
2020-08-31,58122213,58122213 - Charcuterie Fennel Sticks Cold Smoked Fresh TRSM,174.73,2730.3118,2077.5397,2633.1356
2020-08-31,58122239,58122239 - Charcuterie Lonzino Fresh TRSM,89.85000000000001,1399.16,902.9925,1194.6679
2020-08-31,58122249,58122249 - Charcuterie Beef Summer Salami Fresh TRSM,185.25,2806.0585,1945.125,2567.0679999999998
2020-08-31,58122256,58122256 - Charcuterie Hot Smoked Pep Fresh TRSM,233.21,2274.1874,1658.1231,2109.6754
2020-08-31,58122287,58122287 - Charcuterie Beef & Bison Pepper Sticks Cold Smoked Fresh TRSM,143.06,3197.1359,2587.9554,3157.0778
2020-08-31,58122295,58122295 - Charcuterie Triple Fennel & Ale Salami Fresh TRSM,98.23,1814.145,1322.1758,1775.6431
2020-09-30,58122108,"58122108 - Charcuterie Chorizo, Cold Smoked Fresh TRSM",152.07,2440.91,1660.6044,2236.7895
2020-09-30,58122113,58122113 - Charcuterie Coppa Fresh TRSM,205.13,3422.52,2381.5593,3208.2925999999998
2020-09-30,58122120,"58122120 - Charcuterie Duck Prosciutto, Cold Smoked Fresh TRSM",50.03,1193.3909,929.5574,1170.6784
2020-09-30,58122135,58122135 - Charcuterie Beef Bresaola Fresh TRSM,155.1,4251.7585,3222.978,4250.0628
2020-09-30,58122137,"58122137 - Charcuterie Pepperbites, Cold Smoked Fresh TRSM",185.47,2699.896,1724.871,2307.9106
2020-09-30,58122140,"58122140 - Charcuterie Spicy Pork Pepperoni, Cold Smoked Fresh TRSM",272.69,3683.0706999999998,2653.2737,3446.6806
2020-09-30,58122147,58122147 - Charcuterie Elk Goteborg Salami Fresh TRSM,115.84,2491.7383,1896.3008,2455.8894
2020-09-30,58122148,58122148 - Charcuterie Sour Tuscan Salami Fresh TRSM,140.23,2516.8555,1771.1049,2343.1105
2020-09-30,58122154,58122154 - Charcuterie Soria Chorizo Salami Fresh TRSM,121.74,2231.146,1566.7938,2108.8999
2020-09-30,58122162,58122162 - Charcuterie Guanciale S-OFF Fresh TRSM,59.901,574.337,419.307,542.63055
2020-09-30,58122166,58122166 - Charcuterie Bison and Herb Salami Fresh TRSM,156.02,3778.3784,2783.3968,3745.6208
2020-09-30,58122177,58122177 - Charcuterie Pancetta Flat Fresh TRSM,186.22,2272.449,1672.2556,2247.1812
2020-09-30,58122195,58122195 - Charcuterie Pork Pizza Pepperoni Hot Smoked Fresh TRSM,319.21,4444.2852,3243.1736,4367.7332
2020-09-30,58122213,58122213 - Charcuterie Fennel Sticks Cold Smoked Fresh TRSM,241.45,3837.2623,2870.8405000000002,3727.5984
2020-09-30,58122239,58122239 - Charcuterie Lonzino Fresh TRSM,36.44,588.85,366.222,491.5057
2020-09-30,58122249,58122249 - Charcuterie Beef Summer Salami Fresh TRSM,128.9,1927.9546,1353.45,1776.1072
2020-09-30,58122256,58122256 - Charcuterie Hot Smoked Pep Fresh TRSM,271.43,2727.2855,1929.8673000000001,2517.4005
2020-09-30,58122287,58122287 - Charcuterie Beef & Bison Pepper Sticks Cold Smoked Fresh TRSM,169.59,3871.7237,3067.8831,3836.2911
2020-09-30,58122295,58122295 - Charcuterie Triple Fennel & Ale Salami Fresh TRSM,122.58,2254.371,1649.9268,2215.1556
2020-10-31,58122108,"58122108 - Charcuterie Chorizo, Cold Smoked Fresh TRSM",156.6,2494.09,1721.034,2315.3759999999997
2020-10-31,58122113,58122113 - Charcuterie Coppa Fresh TRSM,106.06,1725.1521,1238.7808,1636.6194
2020-10-31,58122120,"58122120 - Charcuterie Duck Prosciutto, Cold Smoked Fresh TRSM",84.98,2044.7868,1584.7545,2005.1607
2020-10-31,58122135,58122135 - Charcuterie Beef Bresaola Fresh TRSM,57.71,1558.7875,1203.2535,1564.1785
2020-10-31,58122137,"58122137 - Charcuterie Pepperbites, Cold Smoked Fresh TRSM",135.14000000000001,1922.3318,1265.6031,1686.8849
2020-10-31,58122140,"58122140 - Charcuterie Spicy Pork Pepperoni, Cold Smoked Fresh TRSM",201.57999999999998,2741.3854,1975.3888,2561.2651
2020-10-31,58122147,58122147 - Charcuterie Elk Goteborg Salami Fresh TRSM,68.41,1534.3266,1124.6604,1507.3438
2020-10-31,58122148,58122148 - Charcuterie Sour Tuscan Salami Fresh TRSM,79.3,1453.97,1007.11,1350.2304
2020-10-31,58122154,58122154 - Charcuterie Soria Chorizo Salami Fresh TRSM,163.85,2982.177,2120.219,2822.5287
2020-10-31,58122162,58122162 - Charcuterie Guanciale S-OFF Fresh TRSM,49.67,497.10110000000003,351.1291,454.5152
2020-10-31,58122166,58122166 - Charcuterie Bison and Herb Salami Fresh TRSM,106.88,2519.8354,1912.9468,2502.7298
2020-10-31,58122177,58122177 - Charcuterie Pancetta Flat Fresh TRSM,177.73,2164.17,1607.592,2144.114
2020-10-31,58122195,58122195 - Charcuterie Pork Pizza Pepperoni Hot Smoked Fresh TRSM,197.0,2742.427,2015.31,2710.9962
2020-10-31,58122213,58122213 - Charcuterie Fennel Sticks Cold Smoked Fresh TRSM,196.11,3040.8362,2345.2901,2974.1231000000002
2020-10-31,58122239,58122239 - Charcuterie Lonzino Fresh TRSM,64.63,968.5368,654.0556,849.0120000000001
2020-10-31,58122249,58122249 - Charcuterie Beef Summer Salami Fresh TRSM,164.98,2447.0924999999997,1743.8386,2290.6688
2020-10-31,58122256,58122256 - Charcuterie Hot Smoked Pep Fresh TRSM,177.31,1697.2698,1272.9808,1610.2797
2020-10-31,58122287,58122287 - Charcuterie Beef & Bison Pepper Sticks Cold Smoked Fresh TRSM,143.01,3216.6119,2597.0616,3191.1585999999998
2020-10-31,58122295,58122295 - Charcuterie Triple Fennel & Ale Salami Fresh TRSM,44.599999999999994,783.1274,603.438,771.8026
2020-11-30,58122108,"58122108 - Charcuterie Chorizo, Cold Smoked Fresh TRSM",88.08,1399.3938,967.9992000000001,1300.0367
2020-11-30,58122113,58122113 - Charcuterie Coppa Fresh TRSM,99.11,1572.6578,1157.6048,1533.8600999999999
2020-11-30,58122120,"58122120 - Charcuterie Duck Prosciutto, Cold Smoked Fresh TRSM",41.339999999999996,1053.0515,770.991,1010.5542
2020-11-30,58122135,58122135 - Charcuterie Beef Bresaola Fresh TRSM,76.86,2067.036,1602.531,2102.2194
2020-11-30,58122137,"58122137 - Charcuterie Pepperbites, Cold Smoked Fresh TRSM",110.97,1568.9705000000001,1042.7619,1392.8468
2020-11-30,58122140,"58122140 - Charcuterie Spicy Pork Pepperoni, Cold Smoked Fresh TRSM",228.71,3106.6726,2241.8179,2930.7439
2020-11-30,58122147,58122147 - Charcuterie Elk Goteborg Salami Fresh TRSM,54.37,1156.5138,893.8428,1152.9279999999999
2020-11-30,58122148,58122148 - Charcuterie Sour Tuscan Salami Fresh TRSM,59.69,1014.962,758.063,960.1351999999999
2020-11-30,58122154,58122154 - Charcuterie Soria Chorizo Salami Fresh TRSM,115.11,2037.3874,1489.5234,1945.0810000000001
2020-11-30,58122162,58122162 - Charcuterie Guanciale S-OFF Fresh TRSM,31.15,309.30060000000003,220.2305,286.9934
2020-11-30,58122166,58122166 - Charcuterie Bison and Herb Salami Fresh TRSM,71.34,1728.628,1277.6994,1714.1958
2020-11-30,58122177,58122177 - Charcuterie Pancetta Flat Fresh TRSM,127.36,1540.6870000000001,1152.608,1534.478
2020-11-30,58122195,58122195 - Charcuterie Pork Pizza Pepperoni Hot Smoked Fresh TRSM,183.03,2529.4352,1872.3969,2516.7159
2020-11-30,58122213,58122213 - Charcuterie Fennel Sticks Cold Smoked Fresh TRSM,153.72,2385.4888,1838.4912,2341.8336
2020-11-30,58122239,58122239 - Charcuterie Lonzino Fresh TRSM,10.35,158.0,104.74199999999999,140.356
2020-11-30,58122249,58122249 - Charcuterie Beef Summer Salami Fresh TRSM,149.74,2100.7157,1582.7518,2037.9182
2020-11-30,58122256,58122256 - Charcuterie Hot Smoked Pep Fresh TRSM,144.53,1406.28,1037.7254,1334.9548
2020-11-30,58122287,58122287 - Charcuterie Beef & Bison Pepper Sticks Cold Smoked Fresh TRSM,159.97,3616.0035,2905.0552,3598.2446
2020-11-30,58122295,58122295 - Charcuterie Triple Fennel & Ale Salami Fresh TRSM,82.6,1459.3252,1117.578,1441.8668
2020-12-31,58122108,"58122108 - Charcuterie Chorizo, Cold Smoked Fresh TRSM",87.03,1325.0637,956.4597,1269.5282
2020-12-31,58122113,58122113 - Charcuterie Coppa Fresh TRSM,91.56,1460.7709,1069.4208,1391.1547
2020-12-31,58122120,"58122120 - Charcuterie Duck Prosciutto, Cold Smoked Fresh TRSM",85.93,2012.7035,1602.5945,1984.5198
2020-12-31,58122135,58122135 - Charcuterie Beef Bresaola Fresh TRSM,111.63,3033.39,2327.4855000000002,3037.7637
2020-12-31,58122137,"58122137 - Charcuterie Pepperbites, Cold Smoked Fresh TRSM",100.38,1468.345,970.6745999999999,1299.3503
2020-12-31,58122140,"58122140 - Charcuterie Spicy Pork Pepperoni, Cold Smoked Fresh TRSM",234.1,3112.5586,2301.203,2950.0044
2020-12-31,58122147,58122147 - Charcuterie Elk Goteborg Salami Fresh TRSM,56.93,1194.0142,935.9292,1177.773
2020-12-31,58122148,58122148 - Charcuterie Sour Tuscan Salami Fresh TRSM,118.41,2121.5724999999998,1503.807,1997.7781
2020-12-31,58122154,58122154 - Charcuterie Soria Chorizo Salami Fresh TRSM,90.62,1620.3206,1172.6227999999999,1537.9186
2020-12-31,58122162,58122162 - Charcuterie Guanciale S-OFF Fresh TRSM,62.45,648.8401,441.5215,581.5515
2020-12-31,58122166,58122166 - Charcuterie Bison and Herb Salami Fresh TRSM,155.3,3634.4754000000003,2781.4230000000002,3622.3954
2020-12-31,58122177,58122177 - Charcuterie Pancetta Flat Fresh TRSM,174.09,2106.5448,1575.5145,2057.1582
2020-12-31,58122195,58122195 - Charcuterie Pork Pizza Pepperoni Hot Smoked Fresh TRSM,272.61,3758.0985,2788.8003,3743.1593000000003
2020-12-31,58122213,58122213 - Charcuterie Fennel Sticks Cold Smoked Fresh TRSM,206.16,3259.8107,2465.6736,3147.5708
2020-12-31,58122239,58122239 - Charcuterie Lonzino Fresh TRSM,43.26,620.8287,437.7912,554.2237
2020-12-31,58122249,58122249 - Charcuterie Beef Summer Salami Fresh TRSM,181.07,2652.0262,1913.9098999999999,2509.8173
2020-12-31,58122256,58122256 - Charcuterie Hot Smoked Pep Fresh TRSM,176.21,1689.6544,1265.1878,1591.1067
2020-12-31,58122287,58122287 - Charcuterie Beef & Bison Pepper Sticks Cold Smoked Fresh TRSM,155.5,3521.6808,2823.88,3518.2466
2020-12-31,58122295,58122295 - Charcuterie Triple Fennel & Ale Salami Fresh TRSM,181.46,3299.652,2455.1538,3233.9472
2020-12-31,58122299,"58122299 - Charcuterie Salami, Milano Fresh TRSM (Retail Case)",239.12,4586.23,2779.67,4754.33
2020-12-31,58122301,"58122301 - Charcuterie Salami, Tuscan Fresh TRSM (Retail Case)",241.98,4655.42,2334.36,4809.08
2020-12-31,58122302,"58122302 - Charcuterie Salami, Chorizo, Cold Smoked Fresh TRSM (Retail Case)",228.04,4355.639999999999,2205.6800000000003,4518.5599999999995
2021-01-31,58122108,"58122108 - Charcuterie Chorizo, Cold Smoked Fresh TRSM",90.37,1428.415,993.1663,1329.8613
2021-01-31,58122113,58122113 - Charcuterie Coppa Fresh TRSM,44.64,728.91,521.3951999999999,699.9424
2021-01-31,58122120,"58122120 - Charcuterie Duck Prosciutto, Cold Smoked Fresh TRSM",54.61,1320.209,1018.4765,1297.7936
2021-01-31,58122135,58122135 - Charcuterie Beef Bresaola Fresh TRSM,97.19,2708.8855,2026.4115,2679.254
2021-01-31,58122137,"58122137 - Charcuterie Pepperbites, Cold Smoked Fresh TRSM",100.00999999999999,1463.01,967.0967,1369.3645999999999
2021-01-31,58122140,"58122140 - Charcuterie Spicy Pork Pepperoni, Cold Smoked Fresh TRSM",206.55,2771.0168,2030.3865,2727.671
2021-01-31,58122147,58122147 - Charcuterie Elk Goteborg Salami Fresh TRSM,98.08,2150.9306,1612.4352000000001,2127.7478
2021-01-31,58122148,58122148 - Charcuterie Sour Tuscan Salami Fresh TRSM,74.03999999999999,1346.04,940.308,1260.1859
2021-01-31,58122154,58122154 - Charcuterie Soria Chorizo Salami Fresh TRSM,135.12,2381.2238,1748.4528,2264.2102999999997
2021-01-31,58122162,58122162 - Charcuterie Guanciale S-OFF Fresh TRSM,60.440000000000005,582.3654,427.31080000000003,556.7601999999999
2021-01-31,58122166,58122166 - Charcuterie Bison and Herb Salami Fresh TRSM,21.59,515.5600000000001,386.6769,515.3187
2021-01-31,58122177,58122177 - Charcuterie Pancetta Flat Fresh TRSM,168.64000000000001,2103.0095,1526.192,2046.9180000000001
2021-01-31,58122195,58122195 - Charcuterie Pork Pizza Pepperoni Hot Smoked Fresh TRSM,258.94,3586.4685,2648.9562,3548.7404
2021-01-31,58122213,58122213 - Charcuterie Fennel Sticks Cold Smoked Fresh TRSM,197.31,3007.9037,2359.8276,2959.6796
2021-01-31,58122239,58122239 - Charcuterie Lonzino Fresh TRSM,12.96,204.92,131.1552,175.7898
2021-01-31,58122249,58122249 - Charcuterie Beef Summer Salami Fresh TRSM,158.96,2275.2064,1680.2072,2162.9552
2021-01-31,58122256,58122256 - Charcuterie Hot Smoked Pep Fresh TRSM,146.89000000000001,1446.2214000000001,1054.6702,1342.44
2021-01-31,58122287,58122287 - Charcuterie Beef & Bison Pepper Sticks Cold Smoked Fresh TRSM,147.5,3291.4941,2678.6,3291.5029
2021-01-31,58122295,58122295 - Charcuterie Triple Fennel & Ale Salami Fresh TRSM,82.51,1514.83,1116.3603,1490.8726
2021-01-31,58122299,"58122299 - Charcuterie Salami, Milano Fresh TRSM (Retail Case)",213.95999999999998,3900.5899999999997,2511.75,4275.67
2021-01-31,58122301,"58122301 - Charcuterie Salami, Tuscan Fresh TRSM (Retail Case)",233.34,4471.54,2334.36,4842.9
2021-01-31,58122302,"58122302 - Charcuterie Salami, Chorizo, Cold Smoked Fresh TRSM (Retail Case)",232.76,4229.59,2261.52,4608.09
2021-02-28,58122108,"58122108 - Charcuterie Chorizo, Cold Smoked Fresh TRSM",70.5,1099.405,774.795,1040.574
2021-02-28,58122113,58122113 - Charcuterie Coppa Fresh TRSM,67.07,1084.3152,783.3776,1030.6054
2021-02-28,58122120,"58122120 - Charcuterie Duck Prosciutto, Cold Smoked Fresh TRSM",42.089999999999996,1038.3993,784.9785,1013.7286
2021-02-28,58122135,58122135 - Charcuterie Beef Bresaola Fresh TRSM,22.599999999999998,634.1828,471.21,633.2916
2021-02-28,58122137,"58122137 - Charcuterie Pepperbites, Cold Smoked Fresh TRSM",97.94,1417.223,947.0798,1376.1594
2021-02-28,58122140,"58122140 - Charcuterie Spicy Pork Pepperoni, Cold Smoked Fresh TRSM",185.62,2526.5481,1824.6446,2510.4207
2021-02-28,58122147,58122147 - Charcuterie Elk Goteborg Salami Fresh TRSM,17.65,392.51329999999996,290.166,389.2672
2021-02-28,58122148,58122148 - Charcuterie Sour Tuscan Salami Fresh TRSM,32.8,599.1125,416.56,557.3694
2021-02-28,58122154,58122154 - Charcuterie Soria Chorizo Salami Fresh TRSM,97.01,1671.4756,1255.3094,1601.7539
2021-02-28,58122162,58122162 - Charcuterie Guanciale S-OFF Fresh TRSM,29.990000000000002,309.2818,212.0293,277.228
2021-02-28,58122166,58122166 - Charcuterie Bison and Herb Salami Fresh TRSM,123.31,2901.2496,2208.4821,2877.8678999999997
2021-02-28,58122177,58122177 - Charcuterie Pancetta Flat Fresh TRSM,148.74,1825.976,1346.097,1804.7178
2021-02-28,58122195,58122195 - Charcuterie Pork Pizza Pepperoni Hot Smoked Fresh TRSM,304.46,4149.1793,3114.6258000000003,4161.4128
2021-02-28,58122213,58122213 - Charcuterie Fennel Sticks Cold Smoked Fresh TRSM,181.38,2860.7298,2169.3048,2789.2488
2021-02-28,58122239,58122239 - Charcuterie Lonzino Fresh TRSM,41.92,655.655,424.23040000000003,567.3676
2021-02-28,58122249,58122249 - Charcuterie Beef Summer Salami Fresh TRSM,148.87,2163.7391000000002,1573.5559,2055.3767
2021-02-28,58122256,58122256 - Charcuterie Hot Smoked Pep Fresh TRSM,174.65,1737.5159,1253.987,1602.622
2021-02-28,58122287,58122287 - Charcuterie Beef & Bison Pepper Sticks Cold Smoked Fresh TRSM,124.79,2759.1241,2266.1864,2762.2454
2021-02-28,58122295,58122295 - Charcuterie Triple Fennel & Ale Salami Fresh TRSM,100.42999999999999,1803.3656,1358.8179,1766.75
2021-02-28,58122299,"58122299 - Charcuterie Salami, Milano Fresh TRSM (Retail Case)",234.92,4500.79,2712.69,4643.87
2021-02-28,58122301,"58122301 - Charcuterie Salami, Tuscan Fresh TRSM (Retail Case)",232.26,4686.43,2334.36,4814.3
2021-02-28,58122302,"58122302 - Charcuterie Salami, Chorizo, Cold Smoked Fresh TRSM (Retail Case)",259.43,4885.82,2456.96,5044.05
2021-03-31,58122108,"58122108 - Charcuterie Chorizo, Cold Smoked Fresh TRSM",98.35000000000001,1550.2728000000002,1080.8665,1443.5929999999998
2021-03-31,58122113,58122113 - Charcuterie Coppa Fresh TRSM,144.69,2388.94,1689.9792,2266.0979
2021-03-31,58122120,"58122120 - Charcuterie Duck Prosciutto, Cold Smoked Fresh TRSM",84.95,2028.854,1584.3175,2006.5862
2021-03-31,58122137,"58122137 - Charcuterie Pepperbites, Cold Smoked Fresh TRSM",175.88,2535.898,1700.7596,2466.835
2021-03-31,58122140,"58122140 - Charcuterie Spicy Pork Pepperoni, Cold Smoked Fresh TRSM",278.03,3753.5382999999997,2733.0349,3716.9808
2021-03-31,58122147,58122147 - Charcuterie Elk Goteborg Salami Fresh TRSM,112.38000000000001,2460.581,1847.5272,2433.638
2021-03-31,58122148,58122148 - Charcuterie Sour Tuscan Salami Fresh TRSM,105.60000000000001,1845.5796,1341.1200000000001,1758.6992
2021-03-31,58122154,58122154 - Charcuterie Soria Chorizo Salami Fresh TRSM,61.5,1130.104,795.81,1069.1014
2021-03-31,58122162,58122162 - Charcuterie Guanciale S-OFF Fresh TRSM,56.63,570.6849,400.3741,512.3293
2021-03-31,58122166,58122166 - Charcuterie Bison and Herb Salami Fresh TRSM,85.2,2066.9713,1525.932,2042.9112
2021-03-31,58122177,58122177 - Charcuterie Pancetta Flat Fresh TRSM,150.17,1838.423,1359.0384999999999,1791.4237
2021-03-31,58122195,58122195 - Charcuterie Pork Pizza Pepperoni Hot Smoked Fresh TRSM,306.8,4147.4912,3138.564,4119.7026000000005
2021-03-31,58122213,58122213 - Charcuterie Fennel Sticks Cold Smoked Fresh TRSM,278.13,4341.6383,3326.4348,4271.1148
2021-03-31,58122239,58122239 - Charcuterie Lonzino Fresh TRSM,71.21,1079.4438,720.6452,966.1441
2021-03-31,58122249,58122249 - Charcuterie Beef Summer Salami Fresh TRSM,225.69,3327.1905,2385.5433,3142.8887
2021-03-31,58122256,58122256 - Charcuterie Hot Smoked Pep Fresh TRSM,268.12,2680.1938,1925.1016,2444.2735
2021-03-31,58122287,58122287 - Charcuterie Beef & Bison Pepper Sticks Cold Smoked Fresh TRSM,162.71,3775.2945,2954.8136,3756.8147
2021-03-31,58122295,58122295 - Charcuterie Triple Fennel & Ale Salami Fresh TRSM,97.67,1789.6381999999999,1321.4751,1766.8844
2021-03-31,58122299,"58122299 - Charcuterie Salami, Milano Fresh TRSM (Retail Case)",243.0,4837.32,2846.65,4876.97
2021-03-31,58122301,"58122301 - Charcuterie Salami, Tuscan Fresh TRSM (Retail Case)",263.44,5480.929999999999,2667.84,5507.22
2021-03-31,58122302,"58122302 - Charcuterie Salami, Chorizo, Cold Smoked Fresh TRSM (Retail Case)",210.82,4098.45,2010.2400000000002,4123.25
2021-04-30,58122108,"58122108 - Charcuterie Chorizo, Cold Smoked Fresh TRSM",92.55,1446.5615,1017.1245,1364.2730000000001
2021-04-30,58122113,58122113 - Charcuterie Coppa Fresh TRSM,118.15,1959.442,1379.992,1827.1283
2021-04-30,58122120,"58122120 - Charcuterie Duck Prosciutto, Cold Smoked Fresh TRSM",53.059999999999995,1279.8449,989.569,1270.8132
2021-04-30,58122135,58122135 - Charcuterie Beef Bresaola Fresh TRSM,4.52,127.238,94.242,127.1024
2021-04-30,58122137,"58122137 - Charcuterie Pepperbites, Cold Smoked Fresh TRSM",109.59,1579.6032,1059.7353,1540.3668
2021-04-30,58122140,"58122140 - Charcuterie Spicy Pork Pepperoni, Cold Smoked Fresh TRSM",227.9,3059.1331999999998,2240.257,3033.724
2021-04-30,58122147,58122147 - Charcuterie Elk Goteborg Salami Fresh TRSM,122.53,2630.906,2014.3932,2614.9954
2021-04-30,58122148,58122148 - Charcuterie Sour Tuscan Salami Fresh TRSM,72.39,1279.9266,919.353,1226.5759
2021-04-30,58122154,58122154 - Charcuterie Soria Chorizo Salami Fresh TRSM,108.18,1944.9713,1399.8492,1861.451
2021-04-30,58122162,58122162 - Charcuterie Guanciale S-OFF Fresh TRSM,79.07,803.5301,559.0249,729.3063999999999
2021-04-30,58122166,58122166 - Charcuterie Bison and Herb Salami Fresh TRSM,130.01,3023.6709,2328.4791,3017.9879
2021-04-30,58122177,58122177 - Charcuterie Pancetta Flat Fresh TRSM,158.95,1970.637,1438.4975,1928.1135
2021-04-30,58122195,58122195 - Charcuterie Pork Pizza Pepperoni Hot Smoked Fresh TRSM,200.63,2800.436,2052.4449,2765.3149
2021-04-30,58122213,58122213 - Charcuterie Fennel Sticks Cold Smoked Fresh TRSM,188.81,2895.0017,2258.1676,2838.8808
2021-04-30,58122239,58122239 - Charcuterie Lonzino Fresh TRSM,87.28,1271.6445,883.2736,1158.551
2021-04-30,58122249,58122249 - Charcuterie Beef Summer Salami Fresh TRSM,144.04,2118.1127,1522.5028,2009.0136
2021-04-30,58122256,58122256 - Charcuterie Hot Smoked Pep Fresh TRSM,288.84,2912.5641,2073.8712,2669.0933999999997
2021-04-30,58122287,58122287 - Charcuterie Beef & Bison Pepper Sticks Cold Smoked Fresh TRSM,151.88,3303.5741,2758.1408,3325.3472
2021-04-30,58122295,58122295 - Charcuterie Triple Fennel & Ale Salami Fresh TRSM,169.73,3026.7698,2296.4469,2978.843
2021-04-30,58122299,"58122299 - Charcuterie Salami, Milano Fresh TRSM (Retail Case)",270.53999999999996,5355.849999999999,3083.56,5372.7
2021-04-30,58122301,"58122301 - Charcuterie Salami, Tuscan Fresh TRSM (Retail Case)",281.52,5840.8,3004.75,6022.849999999999
2021-04-30,58122302,"58122302 - Charcuterie Salami, Chorizo, Cold Smoked Fresh TRSM (Retail Case)",270.06,5237.95,2693.06,5387.03
2021-05-31,58122108,"58122108 - Charcuterie Chorizo, Cold Smoked Fresh TRSM",115.95,1853.415,1274.2905,1713.9885
2021-05-31,58122120,"58122120 - Charcuterie Duck Prosciutto, Cold Smoked Fresh TRSM",81.74000000000001,1948.5405,1524.451,1931.9662
2021-05-31,58122135,58122135 - Charcuterie Beef Bresaola Fresh TRSM,172.51,4675.8978,3596.8334999999997,4702.823
2021-05-31,58122137,"58122137 - Charcuterie Pepperbites, Cold Smoked Fresh TRSM",98.68,1417.6111,954.2356,1386.6076
2021-05-31,58122140,"58122140 - Charcuterie Spicy Pork Pepperoni, Cold Smoked Fresh TRSM",240.73,3273.4751,2366.3759,3256.4227
2021-05-31,58122147,58122147 - Charcuterie Elk Goteborg Salami Fresh TRSM,102.03,2277.8718,1677.3732,2254.0966
2021-05-31,58122148,58122148 - Charcuterie Sour Tuscan Salami Fresh TRSM,100.0,1774.797,1270.0,1669.7051999999999
2021-05-31,58122154,58122154 - Charcuterie Soria Chorizo Salami Fresh TRSM,118.56,2129.1144,1534.1664,2027.5432
2021-05-31,58122162,58122162 - Charcuterie Guanciale S-OFF Fresh TRSM,56.7,579.2076,400.869,525.6558
2021-05-31,58122166,58122166 - Charcuterie Bison and Herb Salami Fresh TRSM,88.12,2135.7811,1578.2292,2119.9564
2021-05-31,58122177,58122177 - Charcuterie Pancetta Flat Fresh TRSM,182.25,2273.1855,1649.3625,2197.3697
2021-05-31,58122195,58122195 - Charcuterie Pork Pizza Pepperoni Hot Smoked Fresh TRSM,330.01,4581.6935,3376.0023,4543.7999
2021-05-31,58122213,58122213 - Charcuterie Fennel Sticks Cold Smoked Fresh TRSM,202.35999999999999,3131.545,2420.2256,3101.3464
2021-05-31,58122239,58122239 - Charcuterie Lonzino Fresh TRSM,56.08,846.8384,567.5296,760.7975
2021-05-31,58122249,58122249 - Charcuterie Beef Summer Salami Fresh TRSM,169.81,2536.158,1794.8917,2368.5267
2021-05-31,58122256,58122256 - Charcuterie Hot Smoked Pep Fresh TRSM,301.12,3093.4455,2162.0416,2785.23
2021-05-31,58122287,58122287 - Charcuterie Beef & Bison Pepper Sticks Cold Smoked Fresh TRSM,162.14,3651.0721,2944.4624,3666.5714000000003
2021-05-31,58122295,58122295 - Charcuterie Triple Fennel & Ale Salami Fresh TRSM,142.07999999999998,2624.8189,1922.3424,2576.9202
2021-05-31,58122299,"58122299 - Charcuterie Salami, Milano Fresh TRSM (Retail Case)",259.3,5095.62,3315.45,5315.889999999999
2021-05-31,58122301,"58122301 - Charcuterie Salami, Tuscan Fresh TRSM (Retail Case)",253.08,5127.17,2815.11,5306.29
2021-05-31,58122302,"58122302 - Charcuterie Salami, Chorizo, Cold Smoked Fresh TRSM (Retail Case)",286.82,5668.64,3106.92,5835.0599999999995
2021-06-30,58122108,"58122108 - Charcuterie Chorizo, Cold Smoked Fresh TRSM",129.51,2074.395,1423.3149,1918.6674
2021-06-30,58122113,58122113 - Charcuterie Coppa Fresh TRSM,76.17,1275.355,889.6656,1172.2269000000001
2021-06-30,58122120,"58122120 - Charcuterie Duck Prosciutto, Cold Smoked Fresh TRSM",161.8,3948.4964,3017.57,3908.191
2021-06-30,58122135,58122135 - Charcuterie Beef Bresaola Fresh TRSM,152.12,4192.359,3171.702,4180.2425
2021-06-30,58122137,"58122137 - Charcuterie Pepperbites, Cold Smoked Fresh TRSM",180.08,2607.6283,1741.3736,2528.498
2021-06-30,58122140,"58122140 - Charcuterie Spicy Pork Pepperoni, Cold Smoked Fresh TRSM",309.41,4168.5231,3041.5003,4132.9337
2021-06-30,58122147,58122147 - Charcuterie Elk Goteborg Salami Fresh TRSM,210.6,4605.196,3462.264,4555.7124
2021-06-30,58122148,58122148 - Charcuterie Sour Tuscan Salami Fresh TRSM,362.8,6564.3994,4607.56,6185.8347
2021-06-30,58122154,58122154 - Charcuterie Soria Chorizo Salami Fresh TRSM,169.25,3083.003,2190.095,2912.7382
2021-06-30,58122162,58122162 - Charcuterie Guanciale S-OFF Fresh TRSM,70.81,725.7993,500.62669999999997,660.0026
2021-06-30,58122166,58122166 - Charcuterie Bison and Herb Salami Fresh TRSM,172.31,4112.7025,3086.0721,4076.5515
2021-06-30,58122177,58122177 - Charcuterie Pancetta Flat Fresh TRSM,268.26,3366.586,2427.753,3236.5674
2021-06-30,58122195,58122195 - Charcuterie Pork Pizza Pepperoni Hot Smoked Fresh TRSM,358.86,4983.2107,3671.1378,4921.438
2021-06-30,58122213,58122213 - Charcuterie Fennel Sticks Cold Smoked Fresh TRSM,180.41,2940.0578,2157.7036,2894.3888
2021-06-30,58122239,58122239 - Charcuterie Lonzino Fresh TRSM,163.06,2401.672,1650.1671999999999,2196.3725
2021-06-30,58122249,58122249 - Charcuterie Beef Summer Salami Fresh TRSM,252.63,3789.525,2670.2991,3533.3023
2021-06-30,58122256,58122256 - Charcuterie Hot Smoked Pep Fresh TRSM,382.02,3908.0986000000003,2742.9036,3511.5463999999997
2021-06-30,58122287,58122287 - Charcuterie Beef & Bison Pepper Sticks Cold Smoked Fresh TRSM,70.63,1734.9275,1282.6408,1721.0407
2021-06-30,58122295,58122295 - Charcuterie Triple Fennel & Ale Salami Fresh TRSM,6.18,113.31,83.6154,111.4872
2021-06-30,58122299,"58122299 - Charcuterie Salami, Milano Fresh TRSM (Retail Case)",252.98000000000002,5319.07,3315.45,5364.91
2021-06-30,58122301,"58122301 - Charcuterie Salami, Tuscan Fresh TRSM (Retail Case)",290.44,6152.96,3269.16,6203.78
2021-06-30,58122302,"58122302 - Charcuterie Salami, Chorizo, Cold Smoked Fresh TRSM (Retail Case)",253.56,5103.0199999999995,2741.4,5162.849999999999
2021-07-31,58122108,"58122108 - Charcuterie Chorizo, Cold Smoked Fresh TRSM",237.16,3784.5315,2606.3884,3506.9254
2021-07-31,58122113,58122113 - Charcuterie Coppa Fresh TRSM,100.06,1651.4789,1168.7008,1564.1825999999999
2021-07-31,58122120,"58122120 - Charcuterie Duck Prosciutto, Cold Smoked Fresh TRSM",150.51,3776.4729,2807.0115,3712.6834000000003
2021-07-31,58122135,58122135 - Charcuterie Beef Bresaola Fresh TRSM,103.87,2913.3155,2165.6895,2847.5721
2021-07-31,58122137,"58122137 - Charcuterie Pepperbites, Cold Smoked Fresh TRSM",175.84,2589.9130999999998,1700.3728,2470.8152
2021-07-31,58122140,"58122140 - Charcuterie Spicy Pork Pepperoni, Cold Smoked Fresh TRSM",269.38,3720.6563,2648.0054,3671.77
2021-07-31,58122147,58122147 - Charcuterie Elk Goteborg Salami Fresh TRSM,128.21,2800.5378,2107.7724,2771.8996
2021-07-31,58122148,58122148 - Charcuterie Sour Tuscan Salami Fresh TRSM,133.41,2440.456,1694.307,2275.7414
2021-07-31,58122154,58122154 - Charcuterie Soria Chorizo Salami Fresh TRSM,195.45,3606.729,2529.123,3403.3787
2021-07-31,58122166,58122166 - Charcuterie Bison and Herb Salami Fresh TRSM,244.34,5874.6287,4376.1294,5805.8994
2021-07-31,58122177,58122177 - Charcuterie Pancetta Flat Fresh TRSM,306.86,3815.5095,2777.083,3691.551
2021-07-31,58122195,58122195 - Charcuterie Pork Pizza Pepperoni Hot Smoked Fresh TRSM,301.98,4195.4205,3089.2554,4165.0294
2021-07-31,58122213,58122213 - Charcuterie Fennel Sticks Cold Smoked Fresh TRSM,270.56,4271.4986,3235.8976,4180.4176
2021-07-31,58122239,58122239 - Charcuterie Lonzino Fresh TRSM,10.54,168.88,106.6648,142.71370000000002
2021-07-31,58122249,58122249 - Charcuterie Beef Summer Salami Fresh TRSM,202.46,3013.9919,2140.0022,2815.2532
2021-07-31,58122256,58122256 - Charcuterie Hot Smoked Pep Fresh TRSM,338.55,3568.0851,2430.789,3214.2516
2021-07-31,58122287,58122287 - Charcuterie Beef & Bison Pepper Sticks Cold Smoked Fresh TRSM,195.98,4560.0809,3558.9968,4471.4642
2021-07-31,58122295,58122295 - Charcuterie Triple Fennel & Ale Salami Fresh TRSM,296.59,5411.3108999999995,4012.8627,5301.4369
2021-07-31,58122299,"58122299 - Charcuterie Salami, Milano Fresh TRSM (Retail Case)",257.3,5240.99,3351.1,5402.3
2021-07-31,58122301,"58122301 - Charcuterie Salami, Tuscan Fresh TRSM (Retail Case)",342.66,7127.03,3844.29,7303.03
2021-07-31,58122302,"58122302 - Charcuterie Salami, Chorizo, Cold Smoked Fresh TRSM (Retail Case)",297.97999999999996,5861.29,3228.76,6089.45
2021-08-31,58122108,"58122108 - Charcuterie Chorizo, Cold Smoked Fresh TRSM",44.11,683.625,484.76890000000003,651.2834
2021-08-31,58122113,58122113 - Charcuterie Coppa Fresh TRSM,151.72,2426.1588,1772.0896,2314.3008
2021-08-31,58122120,"58122120 - Charcuterie Duck Prosciutto, Cold Smoked Fresh TRSM",116.09,2851.3549000000003,2165.0785,2800.8245
2021-08-31,58122135,58122135 - Charcuterie Beef Bresaola Fresh TRSM,109.28,3053.704,2278.488,3053.1828
2021-08-31,58122137,"58122137 - Charcuterie Pepperbites, Cold Smoked Fresh TRSM",72.75,1063.4085,703.4925,1022.4928
2021-08-31,58122140,"58122140 - Charcuterie Spicy Pork Pepperoni, Cold Smoked Fresh TRSM",318.62,4387.3829,3132.0346,4316.2297
2021-08-31,58122147,58122147 - Charcuterie Elk Goteborg Salami Fresh TRSM,38.06,860.3664,625.7064,840.6288
2021-08-31,58122148,58122148 - Charcuterie Sour Tuscan Salami Fresh TRSM,17.54,268.63599999999997,222.75799999999998,264.1404
2021-08-31,58122154,58122154 - Charcuterie Soria Chorizo Salami Fresh TRSM,203.46,3726.3852,2632.7724,3533.8476
2021-08-31,58122177,58122177 - Charcuterie Pancetta Flat Fresh TRSM,3.2,37.76,28.96,39.072
2021-08-31,58122195,58122195 - Charcuterie Pork Pizza Pepperoni Hot Smoked Fresh TRSM,623.8,8644.2581,6381.474,8541.7802
2021-08-31,58122213,58122213 - Charcuterie Fennel Sticks Cold Smoked Fresh TRSM,181.04,2784.3952,2165.2384,2741.8964
2021-08-31,58122239,58122239 - Charcuterie Lonzino Fresh TRSM,26.18,395.63,264.9416,354.39279999999997
2021-08-31,58122249,58122249 - Charcuterie Beef Summer Salami Fresh TRSM,415.32,6048.0953,4389.9324,5794.5868
2021-08-31,58122256,58122256 - Charcuterie Hot Smoked Pep Fresh TRSM,379.25,3957.4445,2723.015,3555.3042
2021-08-31,58122287,58122287 - Charcuterie Beef & Bison Pepper Sticks Cold Smoked Fresh TRSM,94.51,2242.1344,1716.3016,2225.899
2021-08-31,58122295,58122295 - Charcuterie Triple Fennel & Ale Salami Fresh TRSM,261.41,4831.7591999999995,3536.8773,4743.9974
2021-08-31,58122299,"58122299 - Charcuterie Salami, Milano Fresh TRSM (Retail Case)",226.92,4684.69,3030.25,4855.49
2021-08-31,58122301,"58122301 - Charcuterie Salami, Tuscan Fresh TRSM (Retail Case)",230.74,4886.0,2633.49,4962.73
2021-08-31,58122302,"58122302 - Charcuterie Salami, Chorizo, Cold Smoked Fresh TRSM (Retail Case)",296.76,5655.96,3137.38,5885.07
2021-09-30,58122108,"58122108 - Charcuterie Chorizo, Cold Smoked Fresh TRSM",92.92,1470.0,1021.1908000000001,1371.3743
2021-09-30,58122113,58122113 - Charcuterie Coppa Fresh TRSM,97.46000000000001,1582.6215,1138.3328000000001,1529.0814
2021-09-30,58122120,"58122120 - Charcuterie Duck Prosciutto, Cold Smoked Fresh TRSM",109.78,2761.5457,2047.397,2718.2345
2021-09-30,58122135,58122135 - Charcuterie Beef Bresaola Fresh TRSM,47.51,1333.0417,990.5835,1326.912
2021-09-30,58122137,"58122137 - Charcuterie Pepperbites, Cold Smoked Fresh TRSM",113.64,1657.195,1098.8988,1598.9792
2021-09-30,58122140,"58122140 - Charcuterie Spicy Pork Pepperoni, Cold Smoked Fresh TRSM",184.26,2609.1987,1811.2758000000001,2556.7846
2021-09-30,58122147,58122147 - Charcuterie Elk Goteborg Salami Fresh TRSM,165.06,3600.6848,2713.5864,3527.626
2021-09-30,58122148,58122148 - Charcuterie Sour Tuscan Salami Fresh TRSM,240.28,4297.7006,3051.556,4047.8782
2021-09-30,58122154,58122154 - Charcuterie Soria Chorizo Salami Fresh TRSM,142.31,2564.7766,1841.4914,2437.3138
2021-09-30,58122162,58122162 - Charcuterie Guanciale S-OFF Fresh TRSM,0.45,4.725,3.1815,4.248
2021-09-30,58122166,58122166 - Charcuterie Bison and Herb Salami Fresh TRSM,160.03,3817.6633,2866.1373,3783.0465
2021-09-30,58122177,58122177 - Charcuterie Pancetta Flat Fresh TRSM,38.02,479.624,344.081,464.2242
2021-09-30,58122195,58122195 - Charcuterie Pork Pizza Pepperoni Hot Smoked Fresh TRSM,320.26,4461.3501,3276.2598,4417.7732
2021-09-30,58122213,58122213 - Charcuterie Fennel Sticks Cold Smoked Fresh TRSM,260.5,4111.4867,3115.58,4041.5751999999998
2021-09-30,58122239,58122239 - Charcuterie Lonzino Fresh TRSM,62.27,941.4328,630.1723999999999,844.4540000000001
2021-09-30,58122249,58122249 - Charcuterie Beef Summer Salami Fresh TRSM,192.99,2897.0002,2039.9043,2729.8607
2021-09-30,58122256,58122256 - Charcuterie Hot Smoked Pep Fresh TRSM,204.94,2151.0137,1471.4692,1944.4190999999998
2021-09-30,58122287,58122287 - Charcuterie Beef & Bison Pepper Sticks Cold Smoked Fresh TRSM,100.58,2391.8354,1826.5328,2344.3901
2021-09-30,58122295,58122295 - Charcuterie Triple Fennel & Ale Salami Fresh TRSM,38.47,706.333,520.4991,699.235
2021-09-30,58122299,"58122299 - Charcuterie Salami, Milano Fresh TRSM (Retail Case)",212.74,4139.24,2566.7999999999997,4152.3
2021-09-30,58122301,"58122301 - Charcuterie Salami, Tuscan Fresh TRSM (Retail Case)",291.42,6131.87,3238.89,6167.71
2021-09-30,58122302,"58122302 - Charcuterie Salami, Chorizo, Cold Smoked Fresh TRSM (Retail Case)",256.46,4579.4,2650.02,5012.65
2021-10-31,58122108,"58122108 - Charcuterie Chorizo, Cold Smoked Fresh TRSM",56.44,884.28,620.2755999999999,833.1431
2021-10-31,58122113,58122113 - Charcuterie Coppa Fresh TRSM,112.17,1798.4218,1310.1456,1708.6801
2021-10-31,58122120,"58122120 - Charcuterie Duck Prosciutto, Cold Smoked Fresh TRSM",109.0,2675.7759,2032.85,2636.7279
2021-10-31,58122135,58122135 - Charcuterie Beef Bresaola Fresh TRSM,85.36,2347.4465,1779.756,2331.9595
2021-10-31,58122137,"58122137 - Charcuterie Pepperbites, Cold Smoked Fresh TRSM",148.67,2198.3449,1437.6389000000001,2090.5024
2021-10-31,58122140,"58122140 - Charcuterie Spicy Pork Pepperoni, Cold Smoked Fresh TRSM",196.99,2778.811,1936.4116999999999,2733.3935
2021-10-31,58122147,58122147 - Charcuterie Elk Goteborg Salami Fresh TRSM,72.09,1614.3176,1185.1596,1591.0156
2021-10-31,58122148,58122148 - Charcuterie Sour Tuscan Salami Fresh TRSM,48.3,831.6756,613.41,793.7329
2021-10-31,58122154,58122154 - Charcuterie Soria Chorizo Salami Fresh TRSM,134.26,2396.2067,1737.3244,2285.432
2021-10-31,58122166,58122166 - Charcuterie Bison and Herb Salami Fresh TRSM,86.11,2048.9351,1542.2301,2035.3281
2021-10-31,58122177,58122177 - Charcuterie Pancetta Flat Fresh TRSM,202.59,2455.4035,1833.4395,2435.8091
2021-10-31,58122195,58122195 - Charcuterie Pork Pizza Pepperoni Hot Smoked Fresh TRSM,242.16,3355.1372,2477.2968,3335.1822
2021-10-31,58122213,58122213 - Charcuterie Fennel Sticks Cold Smoked Fresh TRSM,112.38,1750.2104,1344.0647999999999,1725.1148
2021-10-31,58122239,58122239 - Charcuterie Lonzino Fresh TRSM,46.26,699.69,468.1512,628.6455
2021-10-31,58122249,58122249 - Charcuterie Beef Summer Salami Fresh TRSM,160.32,2421.3031,1694.5824,2268.5702
2021-10-31,58122256,58122256 - Charcuterie Hot Smoked Pep Fresh TRSM,184.98,1871.1464999999998,1328.1564,1724.0079
2021-10-31,58122287,58122287 - Charcuterie Beef & Bison Pepper Sticks Cold Smoked Fresh TRSM,78.53,1825.6389,1426.1048,1810.4766
2021-10-31,58122295,58122295 - Charcuterie Triple Fennel & Ale Salami Fresh TRSM,195.21,3500.3568,2641.1913,3451.0249
2021-10-31,58122299,"58122299 - Charcuterie Salami, Milano Fresh TRSM (Retail Case)",234.96,4675.11,2923.2999999999997,4708.22
2021-10-31,58122301,"58122301 - Charcuterie Salami, Tuscan Fresh TRSM (Retail Case)",184.92000000000002,3838.59,2058.36,3869.86
2021-10-31,58122302,"58122302 - Charcuterie Salami, Chorizo, Cold Smoked Fresh TRSM (Retail Case)",222.68,4419.9,2375.88,4468.7699999999995
2021-11-30,58122108,"58122108 - Charcuterie Chorizo, Cold Smoked Fresh TRSM",131.2,2076.36,1441.888,1941.011
2021-11-30,58122113,58122113 - Charcuterie Coppa Fresh TRSM,189.53,3114.5842000000002,2213.7104,2968.9231
2021-11-30,58122120,"58122120 - Charcuterie Duck Prosciutto, Cold Smoked Fresh TRSM",85.17,2140.3513,1588.4205,2098.3349
2021-11-30,58122135,58122135 - Charcuterie Beef Bresaola Fresh TRSM,51.84,1383.2293,1080.864,1388.2455
2021-11-30,58122137,"58122137 - Charcuterie Pepperbites, Cold Smoked Fresh TRSM",14.68,224.78,141.9556,206.4188
2021-11-30,58122140,"58122140 - Charcuterie Spicy Pork Pepperoni, Cold Smoked Fresh TRSM",197.98,2803.1764,1946.1434,2745.8548
2021-11-30,58122147,58122147 - Charcuterie Elk Goteborg Salami Fresh TRSM,128.74,2834.2613,2116.4856,2756.4744
2021-11-30,58122148,58122148 - Charcuterie Sour Tuscan Salami Fresh TRSM,116.54,2105.8974,1480.058,1985.2665
2021-11-30,58122154,58122154 - Charcuterie Soria Chorizo Salami Fresh TRSM,9.86,182.41,127.5884,172.1556
2021-11-30,58122166,58122166 - Charcuterie Bison and Herb Salami Fresh TRSM,128.12,3086.69,2294.6292,3076.7636
2021-11-30,58122177,58122177 - Charcuterie Pancetta Flat Fresh TRSM,236.49,2850.2552,2140.2345,2829.2441
2021-11-30,58122195,58122195 - Charcuterie Pork Pizza Pepperoni Hot Smoked Fresh TRSM,247.45,3359.0443,2531.4135,3393.8103
2021-11-30,58122213,58122213 - Charcuterie Fennel Sticks Cold Smoked Fresh TRSM,293.04,4674.466,3504.7584,4597.862
2021-11-30,58122239,58122239 - Charcuterie Lonzino Fresh TRSM,51.64,740.4861,522.5968,676.9192
2021-11-30,58122249,58122249 - Charcuterie Beef Summer Salami Fresh TRSM,216.22,3167.8812,2285.4454,3023.2498
2021-11-30,58122256,58122256 - Charcuterie Hot Smoked Pep Fresh TRSM,190.05,1977.3177,1364.559,1792.4065
2021-11-30,58122287,58122287 - Charcuterie Beef & Bison Pepper Sticks Cold Smoked Fresh TRSM,114.50999999999999,2651.1453,2079.5016,2648.8744
2021-11-30,58122295,58122295 - Charcuterie Triple Fennel & Ale Salami Fresh TRSM,87.97,1624.4949,1190.2341,1596.6808
2021-11-30,58122299,"58122299 - Charcuterie Salami, Milano Fresh TRSM (Retail Case)",304.78,6089.95,3814.5499999999997,6145.8099999999995
2021-11-30,58122301,"58122301 - Charcuterie Salami, Tuscan Fresh TRSM (Retail Case)",215.72,4513.1,2391.33,4555.15
2021-11-30,58122302,"58122302 - Charcuterie Salami, Chorizo, Cold Smoked Fresh TRSM (Retail Case)",258.96,5196.41,2771.86,5245.75
2021-12-31,58122108,"58122108 - Charcuterie Chorizo, Cold Smoked Fresh TRSM",121.62,1869.1686,1336.6037999999999,1786.6333
2021-12-31,58122113,58122113 - Charcuterie Coppa Fresh TRSM,172.89,2809.2064,2019.3552,2672.6457
2021-12-31,58122120,"58122120 - Charcuterie Duck Prosciutto, Cold Smoked Fresh TRSM",123.11,3089.6688,2296.0015,3034.6801
2021-12-31,58122135,58122135 - Charcuterie Beef Bresaola Fresh TRSM,58.269999999999996,1579.074,1214.9295,1590.0129
2021-12-31,58122137,"58122137 - Charcuterie Pepperbites, Cold Smoked Fresh TRSM",86.15,1265.2997,833.0705,1208.3477
2021-12-31,58122140,"58122140 - Charcuterie Spicy Pork Pepperoni, Cold Smoked Fresh TRSM",250.72,3486.1710000000003,2464.5776,3431.6777
2021-12-31,58122147,58122147 - Charcuterie Elk Goteborg Salami Fresh TRSM,119.18,2573.3673,1959.3192,2519.7252
2021-12-31,58122148,58122148 - Charcuterie Sour Tuscan Salami Fresh TRSM,178.23,3051.6832999999997,2263.521,2944.7067
2021-12-31,58122154,58122154 - Charcuterie Soria Chorizo Salami Fresh TRSM,150.32,2604.7648,1945.1408,2503.1715
2021-12-31,58122166,58122166 - Charcuterie Bison and Herb Salami Fresh TRSM,153.41,3615.1938999999998,2747.5731,3620.1649
2021-12-31,58122177,58122177 - Charcuterie Pancetta Flat Fresh TRSM,224.19,2742.3146,2028.9195,2663.9943
2021-12-31,58122195,58122195 - Charcuterie Pork Pizza Pepperoni Hot Smoked Fresh TRSM,173.35,2423.5705000000003,1773.3705,2390.7217
2021-12-31,58122213,58122213 - Charcuterie Fennel Sticks Cold Smoked Fresh TRSM,179.94,2855.4968,2152.0824,2807.5304
2021-12-31,58122239,58122239 - Charcuterie Lonzino Fresh TRSM,65.05,912.8677,658.306,833.9022
2021-12-31,58122249,58122249 - Charcuterie Beef Summer Salami Fresh TRSM,207.86,2974.4789,2197.0802,2833.0326
2021-12-31,58122256,58122256 - Charcuterie Hot Smoked Pep Fresh TRSM,259.14,2548.2497,1860.6252,2371.1511
2021-12-31,58122287,58122287 - Charcuterie Beef & Bison Pepper Sticks Cold Smoked Fresh TRSM,82.55,1899.3657,1499.108,1898.2487
2021-12-31,58122295,58122295 - Charcuterie Triple Fennel & Ale Salami Fresh TRSM,58.97,1033.0825,797.8641,1011.8383
2021-12-31,58122299,"58122299 - Charcuterie Salami, Milano Fresh TRSM (Retail Case)",265.69,5118.11,3315.45,5280.21
2021-12-31,58122301,"58122301 - Charcuterie Salami, Tuscan Fresh TRSM (Retail Case)",285.47,5893.11,3238.89,6171.7699999999995
2021-12-31,58122302,"58122302 - Charcuterie Salami, Chorizo, Cold Smoked Fresh TRSM (Retail Case)",325.65999999999997,6250.0,3441.98,6517.65
2022-01-31,58122108,"58122108 - Charcuterie Chorizo, Cold Smoked Fresh TRSM",68.28,1031.1609,750.3972,921.7526
2022-01-31,58122113,58122113 - Charcuterie Coppa Fresh TRSM,89.71,1476.3317,1047.8128,1374.9185
2022-01-31,58122120,"58122120 - Charcuterie Duck Prosciutto, Cold Smoked Fresh TRSM",34.2,813.1751,637.83,769.9176
2022-01-31,58122135,58122135 - Charcuterie Beef Bresaola Fresh TRSM,63.85,1700.8423,1331.2725,1665.8572
2022-01-31,58122137,"58122137 - Charcuterie Pepperbites, Cold Smoked Fresh TRSM",96.79,1381.4595,935.9593,1333.8054
2022-01-31,58122140,"58122140 - Charcuterie Spicy Pork Pepperoni, Cold Smoked Fresh TRSM",256.6,3574.3677,2522.378,3473.8605
2022-01-31,58122147,58122147 - Charcuterie Elk Goteborg Salami Fresh TRSM,120.62,2734.9139,1982.9928,2639.1827
2022-01-31,58122148,58122148 - Charcuterie Sour Tuscan Salami Fresh TRSM,127.38,2276.3127,1617.7259999999999,2126.5182999999997
2022-01-31,58122154,58122154 - Charcuterie Soria Chorizo Salami Fresh TRSM,120.84,2213.9385,1563.6696,2051.4856
2022-01-31,58122166,58122166 - Charcuterie Bison and Herb Salami Fresh TRSM,94.16,2239.9206,1686.4056,2164.628
2022-01-31,58122177,58122177 - Charcuterie Pancetta Flat Fresh TRSM,35.78,433.7197,323.809,390.9425
2022-01-31,58122195,58122195 - Charcuterie Pork Pizza Pepperoni Hot Smoked Fresh TRSM,211.93,2962.6624,2168.0439,2813.5473
2022-01-31,58122213,58122213 - Charcuterie Fennel Sticks Cold Smoked Fresh TRSM,145.39,2250.4596,1738.8644,2157.4698
2022-01-31,58122239,58122239 - Charcuterie Lonzino Fresh TRSM,44.71,693.5581,452.4652,583.2929
2022-01-31,58122249,58122249 - Charcuterie Beef Summer Salami Fresh TRSM,9.98,148.49,105.48859999999999,141.31959999999998
2022-01-31,58122256,58122256 - Charcuterie Hot Smoked Pep Fresh TRSM,70.9,702.2434,509.062,596.3522
2022-01-31,58122287,58122287 - Charcuterie Beef & Bison Pepper Sticks Cold Smoked Fresh TRSM,100.80999999999999,2320.5016,1830.7096000000001,2298.9931
2022-01-31,58122295,58122295 - Charcuterie Triple Fennel & Ale Salami Fresh TRSM,129.26999999999998,2384.199,1749.0230999999999,2271.2812
2022-01-31,58122299,"58122299 - Charcuterie Salami, Milano Fresh TRSM (Retail Case)",233.32,4695.74,2923.2999999999997,4705.32
2022-01-31,58122301,"58122301 - Charcuterie Salami, Tuscan Fresh TRSM (Retail Case)",200.97,4293.97,2270.25,4295.349999999999
2022-01-31,58122302,"58122302 - Charcuterie Salami, Chorizo, Cold Smoked Fresh TRSM (Retail Case)",114.33999999999999,2275.31,1218.4,2277.23
2022-02-28,58122108,"58122108 - Charcuterie Chorizo, Cold Smoked Fresh TRSM",142.79,2197.8544,1364.0788,2007.7571
2022-02-28,58122113,58122113 - Charcuterie Coppa Fresh TRSM,64.0,1064.5957,747.52,982.7822
2022-02-28,58122120,"58122120 - Charcuterie Duck Prosciutto, Cold Smoked Fresh TRSM",56.33,1414.3906,1050.5545,1369.2909
2022-02-28,58122135,58122135 - Charcuterie Beef Bresaola Fresh TRSM,66.49,1789.1145,1386.3165,1774.7498
2022-02-28,58122137,"58122137 - Charcuterie Pepperbites, Cold Smoked Fresh TRSM",129.62,1879.4564,1224.3187,1808.3905
2022-02-28,58122140,"58122140 - Charcuterie Spicy Pork Pepperoni, Cold Smoked Fresh TRSM",215.51,2897.15,2018.3939,2893.1811
2022-02-28,58122147,58122147 - Charcuterie Elk Goteborg Salami Fresh TRSM,12.21,272.361,200.73239999999998,247.05790000000002
2022-02-28,58122148,58122148 - Charcuterie Sour Tuscan Salami Fresh TRSM,122.41,2202.462,1554.607,2059.3377
2022-02-28,58122154,58122154 - Charcuterie Soria Chorizo Salami Fresh TRSM,31.03,557.986,401.52819999999997,509.61969999999997
2022-02-28,58122166,58122166 - Charcuterie Bison and Herb Salami Fresh TRSM,163.02,3982.2224,2919.6882,3807.7274
2022-02-28,58122177,58122177 - Charcuterie Pancetta Flat Fresh TRSM,110.25,1374.464,997.7625,1306.0059999999999
2022-02-28,58122195,58122195 - Charcuterie Pork Pizza Pepperoni Hot Smoked Fresh TRSM,206.46,2934.3885,2112.0858,2568.5046
2022-02-28,58122213,58122213 - Charcuterie Fennel Sticks Cold Smoked Fresh TRSM,161.71,2585.7536,1863.8464,2472.0562
2022-02-28,58122239,58122239 - Charcuterie Lonzino Fresh TRSM,30.87,433.8782,312.4044,402.1539
2022-02-28,58122249,58122249 - Charcuterie Beef Summer Salami Fresh TRSM,111.67999999999999,1659.0656999999999,1180.4576,1554.1154
2022-02-28,58122256,58122256 - Charcuterie Hot Smoked Pep Fresh TRSM,209.44,2122.6998,1503.7792,1949.6694
2022-02-28,58122287,58122287 - Charcuterie Beef & Bison Pepper Sticks Cold Smoked Fresh TRSM,98.69,2238.5954,1724.4736,2185.5191
2022-02-28,58122295,58122295 - Charcuterie Triple Fennel & Ale Salami Fresh TRSM,129.87,2353.049,1757.1411,2288.6499
2022-02-28,58122299,"58122299 - Charcuterie Salami, Milano Fresh TRSM (Retail Case)",190.12,3671.72,2317.25,3723.49
2022-02-28,58122301,"58122301 - Charcuterie Salami, Tuscan Fresh TRSM (Retail Case)",175.78,3631.14,1876.74,3575.73
2022-02-28,58122302,"58122302 - Charcuterie Salami, Chorizo, Cold Smoked Fresh TRSM (Retail Case)",162.66,3226.71,1705.76,3231.11
2022-03-31,58122108,"58122108 - Charcuterie Chorizo, Cold Smoked Fresh TRSM",124.6,1924.7292,1369.354,1819.025
2022-03-31,58122113,58122113 - Charcuterie Coppa Fresh TRSM,80.37,1293.8985,938.7216,1205.8163
2022-03-31,58122120,"58122120 - Charcuterie Duck Prosciutto, Cold Smoked Fresh TRSM",80.47,2054.4157,1500.7655,2010.4268
2022-03-31,58122135,58122135 - Charcuterie Beef Bresaola Fresh TRSM,94.37,2649.133,1967.6145,2607.2479
2022-03-31,58122137,"58122137 - Charcuterie Pepperbites, Cold Smoked Fresh TRSM",96.98,1333.0192,937.7966,1297.3853
2022-03-31,58122140,"58122140 - Charcuterie Spicy Pork Pepperoni, Cold Smoked Fresh TRSM",323.35,4532.9793,3178.5305,4431.3738
2022-03-31,58122148,58122148 - Charcuterie Sour Tuscan Salami Fresh TRSM,50.18,899.8853,637.286,851.314
2022-03-31,58122154,58122154 - Charcuterie Soria Chorizo Salami Fresh TRSM,122.25,2248.68,1581.915,2123.9212
2022-03-31,58122166,58122166 - Charcuterie Bison and Herb Salami Fresh TRSM,100.99000000000001,2484.8011,1808.7309,2422.0423
2022-03-31,58122177,58122177 - Charcuterie Pancetta Flat Fresh TRSM,160.41,2012.1336000000001,1451.7105000000001,1943.9937
2022-03-31,58122195,58122195 - Charcuterie Pork Pizza Pepperoni Hot Smoked Fresh TRSM,383.22,5300.112999999999,3920.3406,4754.529
2022-03-31,58122213,58122213 - Charcuterie Fennel Sticks Cold Smoked Fresh TRSM,322.65,5147.6562,3858.8940000000002,5064.1312
2022-03-31,58122239,58122239 - Charcuterie Lonzino Fresh TRSM,67.69,1004.5165,685.0228,906.3596
2022-03-31,58122249,58122249 - Charcuterie Beef Summer Salami Fresh TRSM,174.49,2681.859,1844.3593,2471.7479
2022-03-31,58122256,58122256 - Charcuterie Hot Smoked Pep Fresh TRSM,248.22,2518.0768,1782.2196,2322.0144999999998
2022-03-31,58122287,58122287 - Charcuterie Beef & Bison Pepper Sticks Cold Smoked Fresh TRSM,112.56,2636.5499,2044.0896,2637.2613
2022-03-31,58122295,58122295 - Charcuterie Triple Fennel & Ale Salami Fresh TRSM,185.38,3430.2147999999997,2508.1914,3366.5032
2022-03-31,58122299,"58122299 - Charcuterie Salami, Milano Fresh TRSM (Retail Case)",226.85999999999999,4300.75,2709.4,4336.96
2022-03-31,58122301,"58122301 - Charcuterie Salami, Tuscan Fresh TRSM (Retail Case)",265.74,5053.68,2694.0299999999997,5078.99
2022-03-31,58122302,"58122302 - Charcuterie Salami, Chorizo, Cold Smoked Fresh TRSM (Retail Case)",209.84,4005.21,2132.2,3983.02
2022-04-30,58122108,"58122108 - Charcuterie Chorizo, Cold Smoked Fresh TRSM",132.84,2078.2715,1459.9116,1949.1626
2022-04-30,58122113,58122113 - Charcuterie Coppa Fresh TRSM,22.42,389.26,261.8656,350.339
2022-04-30,58122120,"58122120 - Charcuterie Duck Prosciutto, Cold Smoked Fresh TRSM",97.03,2405.2342,1809.6095,2360.491
2022-04-30,58122135,58122135 - Charcuterie Beef Bresaola Fresh TRSM,118.72,3331.7855,2475.312,3293.9365
2022-04-30,58122137,"58122137 - Charcuterie Pepperbites, Cold Smoked Fresh TRSM",126.44,1819.1392,1222.6748,1755.0531
2022-04-30,58122140,"58122140 - Charcuterie Spicy Pork Pepperoni, Cold Smoked Fresh TRSM",253.56,3510.5942,2492.4948,3428.1965
2022-04-30,58122147,58122147 - Charcuterie Elk Goteborg Salami Fresh TRSM,85.72999999999999,1844.2949,1409.4012,1822.1542
2022-04-30,58122148,58122148 - Charcuterie Sour Tuscan Salami Fresh TRSM,214.05,3860.0654,2718.435,3641.9938
2022-04-30,58122154,58122154 - Charcuterie Soria Chorizo Salami Fresh TRSM,218.77,3940.8664,2830.8838,3764.8781
2022-04-30,58122166,58122166 - Charcuterie Bison and Herb Salami Fresh TRSM,168.08,4191.975,3010.3128,3971.474
2022-04-30,58122177,58122177 - Charcuterie Pancetta Flat Fresh TRSM,132.23,1636.9554,1196.6815,1590.9803
2022-04-30,58122195,58122195 - Charcuterie Pork Pizza Pepperoni Hot Smoked Fresh TRSM,300.1,4165.796,3070.023,3717.1704
2022-04-30,58122213,58122213 - Charcuterie Fennel Sticks Cold Smoked Fresh TRSM,278.39,4378.1492,3329.5443999999998,4296.3008
2022-04-30,58122239,58122239 - Charcuterie Lonzino Fresh TRSM,75.15,1080.9302,760.518,997.9870999999999
2022-04-30,58122249,58122249 - Charcuterie Beef Summer Salami Fresh TRSM,168.02,2444.1914,1775.9714,2335.8940000000002
2022-04-30,58122256,58122256 - Charcuterie Hot Smoked Pep Fresh TRSM,189.37,1903.8289,1359.6766,1768.1544
2022-04-30,58122287,58122287 - Charcuterie Beef & Bison Pepper Sticks Cold Smoked Fresh TRSM,163.28,3805.0734,2965.1648,3792.2144
2022-04-30,58122295,58122295 - Charcuterie Triple Fennel & Ale Salami Fresh TRSM,162.2,2957.598,2194.566,2920.5971
2022-04-30,58122299,"58122299 - Charcuterie Salami, Milano Fresh TRSM (Retail Case)",200.82,4131.93,2602.45,4145.89
2022-04-30,58122301,"58122301 - Charcuterie Salami, Tuscan Fresh TRSM (Retail Case)",220.98,4297.72,2270.25,4298.25
2022-04-30,58122302,"58122302 - Charcuterie Salami, Chorizo, Cold Smoked Fresh TRSM (Retail Case)",218.2,4286.28,2284.5,4299.0199999999995
2022-05-31,58122108,"58122108 - Charcuterie Chorizo, Cold Smoked Fresh TRSM",57.85,921.6275,635.7715,853.565
2022-05-31,58122113,58122113 - Charcuterie Coppa Fresh TRSM,90.02,1543.6337,1051.4336,1411.3126
2022-05-31,58122120,"58122120 - Charcuterie Duck Prosciutto, Cold Smoked Fresh TRSM",92.78,2327.7931,1730.347,2286.0527
2022-05-31,58122135,58122135 - Charcuterie Beef Bresaola Fresh TRSM,152.0,4318.6638,3169.2,4252.8984
2022-05-31,58122137,"58122137 - Charcuterie Pepperbites, Cold Smoked Fresh TRSM",37.16,553.605,359.3372,522.5262
2022-05-31,58122140,"58122140 - Charcuterie Spicy Pork Pepperoni, Cold Smoked Fresh TRSM",333.0,4733.9096,3273.39,4615.8405
2022-05-31,58122147,58122147 - Charcuterie Elk Goteborg Salami Fresh TRSM,126.11,2857.432,2073.2484,2788.321
2022-05-31,58122148,58122148 - Charcuterie Sour Tuscan Salami Fresh TRSM,210.52,3732.471,2673.604,3555.0118
2022-05-31,58122154,58122154 - Charcuterie Soria Chorizo Salami Fresh TRSM,106.97,1915.8996,1384.1918,1823.467
2022-05-31,58122166,58122166 - Charcuterie Bison and Herb Salami Fresh TRSM,176.37,4275.1097,3158.7867,4232.7505
2022-05-31,58122177,58122177 - Charcuterie Pancetta Flat Fresh TRSM,108.57,1357.125,982.5585,1321.6905
2022-05-31,58122195,58122195 - Charcuterie Pork Pizza Pepperoni Hot Smoked Fresh TRSM,372.56,5209.7105,3811.2888,4626.0621
2022-05-31,58122213,58122213 - Charcuterie Fennel Sticks Cold Smoked Fresh TRSM,241.79,3933.5482,2891.8084,3842.2732
2022-05-31,58122239,58122239 - Charcuterie Lonzino Fresh TRSM,53.17,795.0857,538.0804,721.8522999999999
2022-05-31,58122249,58122249 - Charcuterie Beef Summer Salami Fresh TRSM,167.23000000000002,2466.7077,1767.6211,2334.2533
2022-05-31,58122256,58122256 - Charcuterie Hot Smoked Pep Fresh TRSM,312.23,3260.1196,2241.8114,2941.6626
2022-05-31,58122287,58122287 - Charcuterie Beef & Bison Pepper Sticks Cold Smoked Fresh TRSM,111.23,2620.0489,2019.9368,2620.013
2022-05-31,58122295,58122295 - Charcuterie Triple Fennel & Ale Salami Fresh TRSM,125.47,2288.009,1697.6091,2252.8765
2022-05-31,58122299,"58122299 - Charcuterie Salami, Milano Fresh TRSM (Retail Case)",218.02,4043.0499999999997,2495.5,4036.62
2022-05-31,58122301,"58122301 - Charcuterie Salami, Tuscan Fresh TRSM (Retail Case)",248.3,4836.95,2572.95,4875.49
2022-05-31,58122302,"58122302 - Charcuterie Salami, Chorizo, Cold Smoked Fresh TRSM (Retail Case)",219.96,4294.06,2284.5,4293.8
2022-06-30,58122108,"58122108 - Charcuterie Chorizo, Cold Smoked Fresh TRSM",190.34,3014.1591000000003,2091.8366,2802.4456
2022-06-30,58122113,58122113 - Charcuterie Coppa Fresh TRSM,174.66,2931.9551,2040.0288,2739.9622
2022-06-30,58122120,"58122120 - Charcuterie Duck Prosciutto, Cold Smoked Fresh TRSM",132.87,3298.7942,2478.0254999999997,3263.9507
2022-06-30,58122135,58122135 - Charcuterie Beef Bresaola Fresh TRSM,115.08,3234.6715,2399.418,3193.4783
2022-06-30,58122137,"58122137 - Charcuterie Pepperbites, Cold Smoked Fresh TRSM",129.57,1918.038,1252.9419,1821.7136
2022-06-30,58122140,"58122140 - Charcuterie Spicy Pork Pepperoni, Cold Smoked Fresh TRSM",296.83,4145.1362,2917.8389,4090.4156
2022-06-30,58122147,58122147 - Charcuterie Elk Goteborg Salami Fresh TRSM,258.01,5742.645,4241.6844,5639.439
2022-06-30,58122148,58122148 - Charcuterie Sour Tuscan Salami Fresh TRSM,156.89,2738.7678,1992.503,2668.2481
2022-06-30,58122154,58122154 - Charcuterie Soria Chorizo Salami Fresh TRSM,245.11,4391.1939,3171.7234,4249.1675
2022-06-30,58122166,58122166 - Charcuterie Bison and Herb Salami Fresh TRSM,99.18,2380.9392,1776.3138,2359.018
2022-06-30,58122177,58122177 - Charcuterie Pancetta Flat Fresh TRSM,120.05,1488.199,1086.4525,1450.6437
2022-06-30,58122195,58122195 - Charcuterie Pork Pizza Pepperoni Hot Smoked Fresh TRSM,389.9,5432.721,3988.677,4835.1546
2022-06-30,58122213,58122213 - Charcuterie Fennel Sticks Cold Smoked Fresh TRSM,331.68,5253.1434,3966.8928,5170.7664
2022-06-30,58122239,58122239 - Charcuterie Lonzino Fresh TRSM,114.2,1643.2686,1155.704,1516.0217
2022-06-30,58122249,58122249 - Charcuterie Beef Summer Salami Fresh TRSM,214.59,3221.4918,2268.2163,3036.3047
2022-06-30,58122256,58122256 - Charcuterie Hot Smoked Pep Fresh TRSM,337.67,3524.8877,2424.4706,3190.3199
2022-06-30,58122287,58122287 - Charcuterie Beef & Bison Pepper Sticks Cold Smoked Fresh TRSM,116.69,2769.0586,2119.0904,2754.1073
2022-06-30,58122295,58122295 - Charcuterie Triple Fennel & Ale Salami Fresh TRSM,294.06,5324.8415,3978.6318,5325.0177
2022-06-30,58122299,"58122299 - Charcuterie Salami, Milano Fresh TRSM (Retail Case)",235.7,4557.89,2852.0,4547.58
2022-06-30,58122301,"58122301 - Charcuterie Salami, Tuscan Fresh TRSM (Retail Case)",252.26,4743.8,2512.41,4730.21
2022-06-30,58122302,"58122302 - Charcuterie Salami, Chorizo, Cold Smoked Fresh TRSM (Retail Case)",198.82,3874.66,2040.82,3865.71
2022-07-31,58122108,"58122108 - Charcuterie Chorizo, Cold Smoked Fresh TRSM",198.74,3140.1453,2184.1526,2930.5201
2022-07-31,58122113,58122113 - Charcuterie Coppa Fresh TRSM,131.3,2172.1794,1533.584,2043.8123
2022-07-31,58122120,"58122120 - Charcuterie Duck Prosciutto, Cold Smoked Fresh TRSM",122.39,3083.616,2282.5735,3025.267
2022-07-31,58122137,"58122137 - Charcuterie Pepperbites, Cold Smoked Fresh TRSM",148.09,2161.345,1432.0303,2080.1718
2022-07-31,58122140,"58122140 - Charcuterie Spicy Pork Pepperoni, Cold Smoked Fresh TRSM",305.39,4291.3173,3001.9836999999998,4200.2289
2022-07-31,58122147,58122147 - Charcuterie Elk Goteborg Salami Fresh TRSM,58.11,1308.8357,955.3284,1281.1154
2022-07-31,58122148,58122148 - Charcuterie Sour Tuscan Salami Fresh TRSM,262.69,4734.0658,3336.163,4459.0096
2022-07-31,58122154,58122154 - Charcuterie Soria Chorizo Salami Fresh TRSM,129.26999999999998,2335.0736,1672.7538,2229.163
2022-07-31,58122166,58122166 - Charcuterie Bison and Herb Salami Fresh TRSM,266.76,6494.0873,4777.6716,6369.8836
2022-07-31,58122177,58122177 - Charcuterie Pancetta Flat Fresh TRSM,102.1,1262.452,924.005,1229.7554
2022-07-31,58122195,58122195 - Charcuterie Pork Pizza Pepperoni Hot Smoked Fresh TRSM,365.8,5120.6,3742.134,4533.5988
2022-07-31,58122213,58122213 - Charcuterie Fennel Sticks Cold Smoked Fresh TRSM,184.11,2936.8462,2201.9556000000002,2874.1652
2022-07-31,58122239,58122239 - Charcuterie Lonzino Fresh TRSM,130.75,1963.6577,1323.19,1772.1596
2022-07-31,58122249,58122249 - Charcuterie Beef Summer Salami Fresh TRSM,232.87,3524.2880999999998,2461.4359,3302.2391
2022-07-31,58122256,58122256 - Charcuterie Hot Smoked Pep Fresh TRSM,258.49,2725.6233,1855.9582,2423.5645
2022-07-31,58122287,58122287 - Charcuterie Beef & Bison Pepper Sticks Cold Smoked Fresh TRSM,126.45,2863.114,2296.332,2910.0306
2022-07-31,58122295,58122295 - Charcuterie Triple Fennel & Ale Salami Fresh TRSM,98.38,1802.0481,1331.0814,1773.8995
2022-07-31,58122299,"58122299 - Charcuterie Salami, Milano Fresh TRSM (Retail Case)",236.57999999999998,4702.15,2958.95,4720.8099999999995
2022-07-31,58122301,"58122301 - Charcuterie Salami, Tuscan Fresh TRSM (Retail Case)",223.72,4234.07,2270.25,4244.849999999999
2022-07-31,58122302,"58122302 - Charcuterie Salami, Chorizo, Cold Smoked Fresh TRSM (Retail Case)",250.56,4862.82,2589.1,4901.03
2022-08-31,58122108,"58122108 - Charcuterie Chorizo, Cold Smoked Fresh TRSM",189.3,3012.2976,2080.407,2793.7845
2022-08-31,58122113,58122113 - Charcuterie Coppa Fresh TRSM,174.26,2920.9016,2035.3568,2725.2493
2022-08-31,58122120,"58122120 - Charcuterie Duck Prosciutto, Cold Smoked Fresh TRSM",168.59,4243.6332,3144.2035,4190.3511
2022-08-31,58122135,58122135 - Charcuterie Beef Bresaola Fresh TRSM,19.37,542.7885,403.8645,533.922
2022-08-31,58122137,"58122137 - Charcuterie Pepperbites, Cold Smoked Fresh TRSM",129.75,1905.8056,1254.6825,1823.654
2022-08-31,58122140,"58122140 - Charcuterie Spicy Pork Pepperoni, Cold Smoked Fresh TRSM",214.55,3034.8546,2109.0265,2958.0707
2022-08-31,58122147,58122147 - Charcuterie Elk Goteborg Salami Fresh TRSM,217.91,4885.9879,3582.4404,4784.4367999999995
2022-08-31,58122148,58122148 - Charcuterie Sour Tuscan Salami Fresh TRSM,318.37,5707.3575,4043.299,5398.2852
2022-08-31,58122154,58122154 - Charcuterie Soria Chorizo Salami Fresh TRSM,265.71,4875.4706,3438.2874,4622.9154
2022-08-31,58122166,58122166 - Charcuterie Bison and Herb Salami Fresh TRSM,9.26,224.1,165.8466,222.11419999999998
2022-08-31,58122177,58122177 - Charcuterie Pancetta Flat Fresh TRSM,156.48,1964.0495,1416.144,1899.72
2022-08-31,58122195,58122195 - Charcuterie Pork Pizza Pepperoni Hot Smoked Fresh TRSM,522.47,7309.5831,5344.8681,6479.6031
2022-08-31,58122213,58122213 - Charcuterie Fennel Sticks Cold Smoked Fresh TRSM,344.35,5514.1388,4118.426,5415.8076
2022-08-31,58122239,58122239 - Charcuterie Lonzino Fresh TRSM,10.84,162.6,109.7008,146.8543
2022-08-31,58122249,58122249 - Charcuterie Beef Summer Salami Fresh TRSM,261.4,3988.6151,2762.998,3698.8332
2022-08-31,58122256,58122256 - Charcuterie Hot Smoked Pep Fresh TRSM,227.07,2448.3749,1630.3626,2148.0285
2022-08-31,58122287,58122287 - Charcuterie Beef & Bison Pepper Sticks Cold Smoked Fresh TRSM,152.78,3626.4645,2774.4848,3622.4069
2022-08-31,58122295,58122295 - Charcuterie Triple Fennel & Ale Salami Fresh TRSM,117.38,2157.1605,1588.1514,2112.2093
2022-08-31,58122299,"58122299 - Charcuterie Salami, Milano Fresh TRSM (Retail Case)",248.84,4910.24,3065.9,4936.099999999999
2022-08-31,58122301,"58122301 - Charcuterie Salami, Tuscan Fresh TRSM (Retail Case)",196.48,3999.26,2118.9,4008.7599999999998
2022-08-31,58122302,"58122302 - Charcuterie Salami, Chorizo, Cold Smoked Fresh TRSM (Retail Case)",238.94,4656.71,2497.7200000000003,4675.94
2022-09-30,58122108,"58122108 - Charcuterie Chorizo, Cold Smoked Fresh TRSM",45.1,716.2966,495.649,658.884
2022-09-30,58122120,"58122120 - Charcuterie Duck Prosciutto, Cold Smoked Fresh TRSM",92.07000000000001,2287.7282,1717.1055000000001,2255.0525
2022-09-30,58122135,58122135 - Charcuterie Beef Bresaola Fresh TRSM,64.14,1809.7365,1337.319,1781.4661
2022-09-30,58122137,"58122137 - Charcuterie Pepperbites, Cold Smoked Fresh TRSM",104.35,1535.8215,1009.0645,1467.6886
2022-09-30,58122140,"58122140 - Charcuterie Spicy Pork Pepperoni, Cold Smoked Fresh TRSM",253.91,3606.4424,2495.9353,3479.1941
2022-09-30,58122147,58122147 - Charcuterie Elk Goteborg Salami Fresh TRSM,72.12,1602.2098,1185.6528,1580.489
2022-09-30,58122148,58122148 - Charcuterie Sour Tuscan Salami Fresh TRSM,106.33,1918.676,1350.391,1803.4093
2022-09-30,58122154,58122154 - Charcuterie Soria Chorizo Salami Fresh TRSM,215.60999999999999,3920.725,2789.9934,3720.8842
2022-09-30,58122166,58122166 - Charcuterie Bison and Herb Salami Fresh TRSM,72.3,1782.7493,1294.893,1717.0336
2022-09-30,58122177,58122177 - Charcuterie Pancetta Flat Fresh TRSM,118.2,1476.888,1069.71,1437.2928
2022-09-30,58122195,58122195 - Charcuterie Pork Pizza Pepperoni Hot Smoked Fresh TRSM,371.07,5210.2852,3796.0461,4602.3729
2022-09-30,58122213,58122213 - Charcuterie Fennel Sticks Cold Smoked Fresh TRSM,172.69,2765.462,2065.3724,2712.8252
2022-09-30,58122249,58122249 - Charcuterie Beef Summer Salami Fresh TRSM,109.94,1665.18,1162.0657999999999,1560.9112
2022-09-30,58122256,58122256 - Charcuterie Hot Smoked Pep Fresh TRSM,98.25999999999999,1079.7857,705.5068,916.4502
2022-09-30,58122287,58122287 - Charcuterie Beef & Bison Pepper Sticks Cold Smoked Fresh TRSM,139.73,3266.1578,2537.4968,3252.9485
2022-09-30,58122295,58122295 - Charcuterie Triple Fennel & Ale Salami Fresh TRSM,218.83,4011.1226,2960.7699000000002,3947.4177
2022-09-30,58122299,"58122299 - Charcuterie Salami, Milano Fresh TRSM (Retail Case)",146.76,2893.74,1782.5,2884.46
2022-09-30,58122301,"58122301 - Charcuterie Salami, Tuscan Fresh TRSM (Retail Case)",257.18,5101.43,2694.0299999999997,5105.11
2022-09-30,58122302,"58122302 - Charcuterie Salami, Chorizo, Cold Smoked Fresh TRSM (Retail Case)",206.42,4159.2,2223.58,4178.7
2022-10-31,58122108,"58122108 - Charcuterie Chorizo, Cold Smoked Fresh TRSM",32.61,502.241,358.3839,479.4864
2022-10-31,58122120,"58122120 - Charcuterie Duck Prosciutto, Cold Smoked Fresh TRSM",33.980000000000004,858.498,633.727,842.1912
2022-10-31,58122137,"58122137 - Charcuterie Pepperbites, Cold Smoked Fresh TRSM",40.02,598.5816,386.9934,563.9102
2022-10-31,58122140,"58122140 - Charcuterie Spicy Pork Pepperoni, Cold Smoked Fresh TRSM",211.81,2991.346,2082.0923,2944.0916
2022-10-31,58122148,58122148 - Charcuterie Sour Tuscan Salami Fresh TRSM,69.18,1203.7849,878.586,1150.6472999999999
2022-10-31,58122166,58122166 - Charcuterie Bison and Herb Salami Fresh TRSM,172.43,4263.2371,3088.2213,4116.4181
2022-10-31,58122177,58122177 - Charcuterie Pancetta Flat Fresh TRSM,114.42,1421.0615,1035.501,1387.4435
2022-10-31,58122195,58122195 - Charcuterie Pork Pizza Pepperoni Hot Smoked Fresh TRSM,236.25,3290.2207,2416.8375,2926.1481
2022-10-31,58122213,58122213 - Charcuterie Fennel Sticks Cold Smoked Fresh TRSM,254.16,4134.7261,3039.7536,4032.6963
2022-10-31,58122249,58122249 - Charcuterie Beef Summer Salami Fresh TRSM,189.07,2805.0948,1998.4699,2661.5657
2022-10-31,58122256,58122256 - Charcuterie Hot Smoked Pep Fresh TRSM,223.44,2454.2478,1604.2992,2126.0883
2022-10-31,58122287,58122287 - Charcuterie Beef & Bison Pepper Sticks Cold Smoked Fresh TRSM,91.62,2200.6616,1663.8192,2182.4142
2022-10-31,58122295,58122295 - Charcuterie Triple Fennel & Ale Salami Fresh TRSM,104.95,1924.989,1419.9735,1869.9826
2022-10-31,58122299,"58122299 - Charcuterie Salami, Milano Fresh TRSM (Retail Case)",226.56,4430.07,2745.0499999999997,4366.67
2022-10-31,58122301,"58122301 - Charcuterie Salami, Tuscan Fresh TRSM (Retail Case)",137.18,2632.95,1392.42,2557.6
2022-10-31,58122302,"58122302 - Charcuterie Salami, Chorizo, Cold Smoked Fresh TRSM (Retail Case)",166.32,3238.98,1705.76,3156.2999999999997
2022-11-30,58122108,"58122108 - Charcuterie Chorizo, Cold Smoked Fresh TRSM",23.23,350.3579,255.2977,343.8752
2022-11-30,58122113,58122113 - Charcuterie Coppa Fresh TRSM,40.49,622.0931,472.9232,616.0895
2022-11-30,58122120,"58122120 - Charcuterie Duck Prosciutto, Cold Smoked Fresh TRSM",59.14,1464.608,1102.961,1455.2326
2022-11-30,58122135,58122135 - Charcuterie Beef Bresaola Fresh TRSM,2.19,51.8811,45.661500000000004,51.8811
2022-11-30,58122137,"58122137 - Charcuterie Pepperbites, Cold Smoked Fresh TRSM",97.05,1440.86,938.4735000000001,1366.0416
2022-11-30,58122140,"58122140 - Charcuterie Spicy Pork Pepperoni, Cold Smoked Fresh TRSM",199.14,2839.5054,1957.5462,2756.294
2022-11-30,58122147,58122147 - Charcuterie Elk Goteborg Salami Fresh TRSM,8.9,166.252,146.316,166.252
2022-11-30,58122148,58122148 - Charcuterie Sour Tuscan Salami Fresh TRSM,57.79,1029.3749,733.933,970.4158
2022-11-30,58122154,58122154 - Charcuterie Soria Chorizo Salami Fresh TRSM,1.6,23.52,20.704,23.52
2022-11-30,58122177,58122177 - Charcuterie Pancetta Flat Fresh TRSM,95.42999999999999,1190.7751,863.6415000000001,1160.7389
2022-11-30,58122195,58122195 - Charcuterie Pork Pizza Pepperoni Hot Smoked Fresh TRSM,192.38,2661.52,1968.0474,2385.4962
2022-11-30,58122213,58122213 - Charcuterie Fennel Sticks Cold Smoked Fresh TRSM,243.64,3945.3062999999997,2913.9344,3864.7125
2022-11-30,58122249,58122249 - Charcuterie Beef Summer Salami Fresh TRSM,237.62,3467.5365,2511.6434,3330.7678
2022-11-30,58122256,58122256 - Charcuterie Hot Smoked Pep Fresh TRSM,165.68,1690.5643,1189.5824,1565.3512
2022-11-30,58122287,58122287 - Charcuterie Beef & Bison Pepper Sticks Cold Smoked Fresh TRSM,159.51,3792.4747,2896.7016,3779.3043
2022-11-30,58122299,"58122299 - Charcuterie Salami, Milano Fresh TRSM (Retail Case)",184.68,3597.02,2210.2999999999997,3539.8199999999997
2022-11-30,58122301,"58122301 - Charcuterie Salami, Tuscan Fresh TRSM (Retail Case)",100.96,1999.36,1059.45,1992.84
2022-11-30,58122302,"58122302 - Charcuterie Salami, Chorizo, Cold Smoked Fresh TRSM (Retail Case)",175.92000000000002,3306.77,1736.22,3284.99
2022-12-31,58122108,"58122108 - Charcuterie Chorizo, Cold Smoked Fresh TRSM",91.83,1337.9186,1009.2117000000001,1345.3967
2022-12-31,58122113,58122113 - Charcuterie Coppa Fresh TRSM,134.14,2215.235,1566.7552,2077.4015
2022-12-31,58122120,"58122120 - Charcuterie Duck Prosciutto, Cold Smoked Fresh TRSM",107.55,2642.3928,2005.8075000000001,2616.5818
2022-12-31,58122135,58122135 - Charcuterie Beef Bresaola Fresh TRSM,74.04,2070.0817,1543.734,2033.6487
2022-12-31,58122137,"58122137 - Charcuterie Pepperbites, Cold Smoked Fresh TRSM",146.44,2133.5188,1416.0748,2051.2394
2022-12-31,58122140,"58122140 - Charcuterie Spicy Pork Pepperoni, Cold Smoked Fresh TRSM",232.16,3252.0623,2282.1328,3227.381
2022-12-31,58122147,58122147 - Charcuterie Elk Goteborg Salami Fresh TRSM,114.02,2494.197,1874.4888,2465.8636
2022-12-31,58122148,58122148 - Charcuterie Sour Tuscan Salami Fresh TRSM,163.66,2777.367,2078.482,2740.2028
2022-12-31,58122154,58122154 - Charcuterie Soria Chorizo Salami Fresh TRSM,184.63,3320.948,2389.1122,3164.9706
2022-12-31,58122166,58122166 - Charcuterie Bison and Herb Salami Fresh TRSM,143.28,3428.5526,2566.1448,3398.9172
2022-12-31,58122177,58122177 - Charcuterie Pancetta Flat Fresh TRSM,140.0,1714.6909,1267.0,1681.3638
2022-12-31,58122195,58122195 - Charcuterie Pork Pizza Pepperoni Hot Smoked Fresh TRSM,177.52,2464.2125,1816.0296,2206.38
2022-12-31,58122213,58122213 - Charcuterie Fennel Sticks Cold Smoked Fresh TRSM,303.52,4849.6929,3630.0992,4791.6029
2022-12-31,58122249,58122249 - Charcuterie Beef Summer Salami Fresh TRSM,320.05,4658.3494,3382.9285,4477.0141
2022-12-31,58122256,58122256 - Charcuterie Hot Smoked Pep Fresh TRSM,220.18,2242.2118,1580.8924,2072.2673
2022-12-31,58122287,58122287 - Charcuterie Beef & Bison Pepper Sticks Cold Smoked Fresh TRSM,196.17000000000002,4661.7975,3562.4472,4663.712
2022-12-31,58122295,58122295 - Charcuterie Triple Fennel & Ale Salami Fresh TRSM,214.03,3812.6231,2895.8259,3819.2837
2022-12-31,58122299,"58122299 - Charcuterie Salami, Milano Fresh TRSM (Retail Case)",343.55,6313.35,4028.45,6436.48
2022-12-31,58122301,"58122301 - Charcuterie Salami, Tuscan Fresh TRSM (Retail Case)",239.7,4559.39,2451.87,4643.62
2022-12-31,58122302,"58122302 - Charcuterie Salami, Chorizo, Cold Smoked Fresh TRSM (Retail Case)",172.27,3205.3,1705.76,3222.8
2023-01-31,58122108,"58122108 - Charcuterie Chorizo, Cold Smoked Fresh TRSM",72.03,1117.5875,791.6097,1062.1257
2023-01-31,58122113,58122113 - Charcuterie Coppa Fresh TRSM,76.48,1249.3814,893.2864,1170.3648
2023-01-31,58122120,"58122120 - Charcuterie Duck Prosciutto, Cold Smoked Fresh TRSM",82.45,2049.9985,1537.6925,2030.508
2023-01-31,58122135,58122135 - Charcuterie Beef Bresaola Fresh TRSM,79.99,2247.1775,1667.7915,2221.0806
2023-01-31,58122137,"58122137 - Charcuterie Pepperbites, Cold Smoked Fresh TRSM",101.66,1475.248,983.0522,1411.8734
2023-01-31,58122140,"58122140 - Charcuterie Spicy Pork Pepperoni, Cold Smoked Fresh TRSM",177.65,2492.2096,1746.2995,2478.1372
2023-01-31,58122147,58122147 - Charcuterie Elk Goteborg Salami Fresh TRSM,106.27,2365.3051,1747.0788,2318.4696
2023-01-31,58122148,58122148 - Charcuterie Sour Tuscan Salami Fresh TRSM,96.59,1726.1135,1226.693,1622.6634
2023-01-31,58122154,58122154 - Charcuterie Soria Chorizo Salami Fresh TRSM,95.6,1756.185,1237.064,1655.7283
2023-01-31,58122166,58122166 - Charcuterie Bison and Herb Salami Fresh TRSM,147.4,3549.4768,2639.9339999999997,3526.036
2023-01-31,58122177,58122177 - Charcuterie Pancetta Flat Fresh TRSM,89.33,1110.3888,808.4365,1083.6918
2023-01-31,58122195,58122195 - Charcuterie Pork Pizza Pepperoni Hot Smoked Fresh TRSM,159.16,2244.6972,1628.2068,1973.9807999999998
2023-01-31,58122213,58122213 - Charcuterie Fennel Sticks Cold Smoked Fresh TRSM,198.07,3147.3493,2368.9172,3125.2521
2023-01-31,58122239,58122239 - Charcuterie Lonzino Fresh TRSM,27.46,409.59000000000003,277.8952,362.61220000000003
2023-01-31,58122249,58122249 - Charcuterie Beef Summer Salami Fresh TRSM,203.91,2984.1863,2155.3287,2874.0259
2023-01-31,58122256,58122256 - Charcuterie Hot Smoked Pep Fresh TRSM,171.95,1824.4089999999999,1234.6009999999999,1646.3489
2023-01-31,58122287,58122287 - Charcuterie Beef & Bison Pepper Sticks Cold Smoked Fresh TRSM,165.69,3915.7696,3008.9304,3966.7774
2023-01-31,58122295,58122295 - Charcuterie Triple Fennel & Ale Salami Fresh TRSM,142.24,2620.1605,1924.5072,2565.9814
2023-01-31,58122299,"58122299 - Charcuterie Salami, Milano Fresh TRSM (Retail Case)",218.44,4037.0099999999998,2531.15,4056.6099999999997
2023-01-31,58122301,"58122301 - Charcuterie Salami, Tuscan Fresh TRSM (Retail Case)",230.62,4307.67,2300.52,4333.3
2023-01-31,58122302,"58122302 - Charcuterie Salami, Chorizo, Cold Smoked Fresh TRSM (Retail Case)",251.25,4565.1,2467.26,4573.2699999999995
2023-02-28,58122108,"58122108 - Charcuterie Chorizo, Cold Smoked Fresh TRSM",56.72,900.5971999999999,623.3528,837.0553
2023-02-28,58122113,58122113 - Charcuterie Coppa Fresh TRSM,96.95,1651.2386000000001,1132.376,1520.2505
2023-02-28,58122120,"58122120 - Charcuterie Duck Prosciutto, Cold Smoked Fresh TRSM",71.06,1800.6595,1325.269,1763.8769
2023-02-28,58122135,58122135 - Charcuterie Beef Bresaola Fresh TRSM,40.48,1141.5494,844.008,1118.1029
2023-02-28,58122137,"58122137 - Charcuterie Pepperbites, Cold Smoked Fresh TRSM",58.75,846.16,568.1125,826.21
2023-02-28,58122140,"58122140 - Charcuterie Spicy Pork Pepperoni, Cold Smoked Fresh TRSM",227.62,3198.6437,2237.5045999999998,3148.2325
2023-02-28,58122147,58122147 - Charcuterie Elk Goteborg Salami Fresh TRSM,73.83,1614.7189,1213.7652,1595.7382
2023-02-28,58122148,58122148 - Charcuterie Sour Tuscan Salami Fresh TRSM,86.26,1554.8253,1095.502,1459.3777
2023-02-28,58122154,58122154 - Charcuterie Soria Chorizo Salami Fresh TRSM,131.03,2390.918,1695.5282,2270.9472
2023-02-28,58122166,58122166 - Charcuterie Bison and Herb Salami Fresh TRSM,124.09,2981.2168,2222.4519,2950.0219
2023-02-28,58122177,58122177 - Charcuterie Pancetta Flat Fresh TRSM,67.46000000000001,837.0664,610.513,816.8092
2023-02-28,58122195,58122195 - Charcuterie Pork Pizza Pepperoni Hot Smoked Fresh TRSM,290.62,4032.0073,2973.0426,3601.4831
2023-02-28,58122213,58122213 - Charcuterie Fennel Sticks Cold Smoked Fresh TRSM,206.25,3336.4588,2466.75,3275.1944
2023-02-28,58122239,58122239 - Charcuterie Lonzino Fresh TRSM,36.03,525.1881,364.6236,485.276
2023-02-28,58122249,58122249 - Charcuterie Beef Summer Salami Fresh TRSM,145.52,2167.7539,1538.1464,2047.5610000000001
2023-02-28,58122256,58122256 - Charcuterie Hot Smoked Pep Fresh TRSM,191.62,2028.5843,1375.8316,1825.6431
2023-02-28,58122287,58122287 - Charcuterie Beef & Bison Pepper Sticks Cold Smoked Fresh TRSM,158.72,3752.823,2882.3552,3800.2764
2023-02-28,58122295,58122295 - Charcuterie Triple Fennel & Ale Salami Fresh TRSM,157.38,2925.6931,2129.3514,2839.6742
2023-02-28,58122299,"58122299 - Charcuterie Salami, Milano Fresh TRSM (Retail Case)",133.94,2525.3199999999997,1568.6,2519.7999999999997
2023-02-28,58122301,"58122301 - Charcuterie Salami, Tuscan Fresh TRSM (Retail Case)",147.9,2836.7799999999997,1513.5,2835.2599999999998
2023-02-28,58122302,"58122302 - Charcuterie Salami, Chorizo, Cold Smoked Fresh TRSM (Retail Case)",143.78,2634.19,1401.16,2627.8399999999997
2023-03-31,58122108,"58122108 - Charcuterie Chorizo, Cold Smoked Fresh TRSM",90.13,1368.775,1037.0387,1389.6111
2023-03-31,58122113,58122113 - Charcuterie Coppa Fresh TRSM,87.78,1645.715,1242.3639,1658.3409
2023-03-31,58122120,"58122120 - Charcuterie Duck Prosciutto, Cold Smoked Fresh TRSM",76.33,2359.7009,1922.0861,2539.495
2023-03-31,58122135,58122135 - Charcuterie Beef Bresaola Fresh TRSM,60.98,1710.2173,1296.381,1707.3958
2023-03-31,58122137,"58122137 - Charcuterie Pepperbites, Cold Smoked Fresh TRSM",70.27,1025.1228,814.9989,1092.0016
2023-03-31,58122140,"58122140 - Charcuterie Spicy Pork Pepperoni, Cold Smoked Fresh TRSM",209.34,3166.8825,2452.401,3264.3447
2023-03-31,58122147,58122147 - Charcuterie Elk Goteborg Salami Fresh TRSM,105.02,2492.6084,1891.1338,2533.9518
2023-03-31,58122148,58122148 - Charcuterie Sour Tuscan Salami Fresh TRSM,101.46,1779.703,1418.9338,1901.6366
2023-03-31,58122154,58122154 - Charcuterie Soria Chorizo Salami Fresh TRSM,115.48,2141.4107,1634.3862,2170.7965
2023-03-31,58122166,58122166 - Charcuterie Bison and Herb Salami Fresh TRSM,138.08,3301.681,2499.8004,3322.1444
2023-03-31,58122177,58122177 - Charcuterie Pancetta Flat Fresh TRSM,114.3,1879.0334,1425.9879,1904.6285
2023-03-31,58122195,58122195 - Charcuterie Pork Pizza Pepperoni Hot Smoked Fresh TRSM,329.48,4588.9797,3381.9224,4467.9051
2023-03-31,58122213,58122213 - Charcuterie Fennel Sticks Cold Smoked Fresh TRSM,238.19,3807.0014,2854.4548,3759.2512
2023-03-31,58122239,58122239 - Charcuterie Lonzino Fresh TRSM,55.11,992.5948999999999,759.8727,1005.8196
2023-03-31,58122249,58122249 - Charcuterie Beef Summer Salami Fresh TRSM,140.629,2137.65701,1613.90773,2121.33701
2023-03-31,58122256,58122256 - Charcuterie Hot Smoked Pep Fresh TRSM,227.75,2434.3179,1859.1425,2462.1413000000002
2023-03-31,58122287,58122287 - Charcuterie Beef & Bison Pepper Sticks Cold Smoked Fresh TRSM,168.76,4007.8232,3068.6803,4040.2664
2023-03-31,58122295,58122295 - Charcuterie Triple Fennel & Ale Salami Fresh TRSM,98.26,1838.479,1379.8323,1835.4646
2023-03-31,58122299,"58122299 - Charcuterie Salami, Milano Fresh TRSM (Retail Case)",227.99,4272.18,3092.41,4354.639999999999
2023-03-31,58122301,"58122301 - Charcuterie Salami, Tuscan Fresh TRSM (Retail Case)",215.78,4075.0,2802.6499999999996,4163.9
2023-03-31,58122302,"58122302 - Charcuterie Salami, Chorizo, Cold Smoked Fresh TRSM (Retail Case)",203.62,3686.93,2449.7999999999997,3713.37
2023-04-30,58122108,"58122108 - Charcuterie Chorizo, Cold Smoked Fresh TRSM",56.239999999999995,928.2472,674.3176,906.9192
2023-04-30,58122113,58122113 - Charcuterie Coppa Fresh TRSM,31.93,638.885,485.0167,651.5425
2023-04-30,58122120,"58122120 - Charcuterie Duck Prosciutto, Cold Smoked Fresh TRSM",42.56,1616.6098,1255.0944,1652.9244
2023-04-30,58122135,58122135 - Charcuterie Beef Bresaola Fresh TRSM,76.18,2168.5213,1622.634,2159.928
2023-04-30,58122137,"58122137 - Charcuterie Pepperbites, Cold Smoked Fresh TRSM",79.42999999999999,1222.7021,952.3657000000001,1267.5087
2023-04-30,58122140,"58122140 - Charcuterie Spicy Pork Pepperoni, Cold Smoked Fresh TRSM",186.83,2902.5871,2240.0917,2962.6438
2023-04-30,58122147,58122147 - Charcuterie Elk Goteborg Salami Fresh TRSM,82.61,1969.8933,1502.6759,1988.3381
2023-04-30,58122148,58122148 - Charcuterie Sour Tuscan Salami Fresh TRSM,105.75,2011.6224,1505.88,2002.2434
2023-04-30,58122154,58122154 - Charcuterie Soria Chorizo Salami Fresh TRSM,118.31,2255.9462,1684.7344,2246.9397
2023-04-30,58122166,58122166 - Charcuterie Bison and Herb Salami Fresh TRSM,88.36,2142.9327,1607.2684,2134.89
2023-04-30,58122177,58122177 - Charcuterie Pancetta Flat Fresh TRSM,63.0,1158.5364,859.3199999999999,1149.9858
2023-04-30,58122195,58122195 - Charcuterie Pork Pizza Pepperoni Hot Smoked Fresh TRSM,257.73,3605.4541,2646.8871,3537.7025
2023-04-30,58122213,58122213 - Charcuterie Fennel Sticks Cold Smoked Fresh TRSM,232.48,3728.6115,2787.4352,3683.8945
2023-04-30,58122239,58122239 - Charcuterie Lonzino Fresh TRSM,66.62,1250.1922,966.6562,1293.0046
2023-04-30,58122249,58122249 - Charcuterie Beef Summer Salami Fresh TRSM,165.55,2648.0193,1984.9445,2644.7385
2023-04-30,58122256,58122256 - Charcuterie Hot Smoked Pep Fresh TRSM,166.29,1796.0973,1371.8925,1814.0219
2023-04-30,58122287,58122287 - Charcuterie Beef & Bison Pepper Sticks Cold Smoked Fresh TRSM,169.48,3983.3550999999998,3082.8412,4040.5042
2023-04-30,58122295,58122295 - Charcuterie Triple Fennel & Ale Salami Fresh TRSM,117.88,2259.5602,1678.6112,2245.6185
2023-04-30,58122299,"58122299 - Charcuterie Salami, Milano Fresh TRSM (Retail Case)",210.2,3707.45,2848.56,3777.44
2023-04-30,58122301,"58122301 - Charcuterie Salami, Tuscan Fresh TRSM (Retail Case)",213.66,4016.0499999999997,3064.3599999999997,4074.27
2023-04-30,58122302,"58122302 - Charcuterie Salami, Chorizo, Cold Smoked Fresh TRSM (Retail Case)",165.64000000000001,3029.2,2330.64,3102.1
2023-05-31,58122108,"58122108 - Charcuterie Chorizo, Cold Smoked Fresh TRSM",104.85000000000001,1674.4293,1257.1515,1674.4904999999999
2023-05-31,58122113,58122113 - Charcuterie Coppa Fresh TRSM,151.53,3025.7912,2301.7407,3060.9807
2023-05-31,58122120,"58122120 - Charcuterie Duck Prosciutto, Cold Smoked Fresh TRSM",43.11,1666.8138999999999,1271.3139,1679.0513999999998
2023-05-31,58122135,58122135 - Charcuterie Beef Bresaola Fresh TRSM,105.69,3012.6739000000002,2251.197,2993.3556
2023-05-31,58122137,"58122137 - Charcuterie Pepperbites, Cold Smoked Fresh TRSM",110.02,1715.6941,1319.1398,1735.3663999999999
2023-05-31,58122140,"58122140 - Charcuterie Spicy Pork Pepperoni, Cold Smoked Fresh TRSM",244.3,3864.2434,2929.157,3874.8838
2023-05-31,58122147,58122147 - Charcuterie Elk Goteborg Salami Fresh TRSM,116.06,2768.4538,2111.1314,2809.3698
2023-05-31,58122148,58122148 - Charcuterie Sour Tuscan Salami Fresh TRSM,247.14000000000001,4707.7675,3519.2736,4708.3585
2023-05-31,58122154,58122154 - Charcuterie Soria Chorizo Salami Fresh TRSM,155.99,2952.4071,2221.2976,2975.4641
2023-05-31,58122159,58122159 - Charcuterie Rosette Salami Fresh TRSM,74.38,1393.3167,1059.1712,1408.9003
2023-05-31,58122166,58122166 - Charcuterie Bison and Herb Salami Fresh TRSM,157.35,3809.0734,2862.1965,3817.2813
2023-05-31,58122177,58122177 - Charcuterie Pancetta Flat Fresh TRSM,103.33,1906.9783,1409.4212,1897.3531
2023-05-31,58122195,58122195 - Charcuterie Pork Pizza Pepperoni Hot Smoked Fresh TRSM,365.22,5080.0246,3750.8094,5011.345
2023-05-31,58122213,58122213 - Charcuterie Fennel Sticks Cold Smoked Fresh TRSM,244.84,3936.2554,2935.6316,3876.5071
2023-05-31,58122239,58122239 - Charcuterie Lonzino Fresh TRSM,136.62,2668.3945,1982.3562,2664.6756
2023-05-31,58122249,58122249 - Charcuterie Beef Summer Salami Fresh TRSM,192.24,3026.0391,2304.9576,3062.0393
2023-05-31,58122256,58122256 - Charcuterie Hot Smoked Pep Fresh TRSM,285.52,3156.6983,2355.54,3128.4157
2023-05-31,58122287,58122287 - Charcuterie Beef & Bison Pepper Sticks Cold Smoked Fresh TRSM,189.02,4489.095,3438.2738,4525.736
2023-05-31,58122295,58122295 - Charcuterie Triple Fennel & Ale Salami Fresh TRSM,168.4,3183.7623,2398.016,3202.2439
2023-05-31,58122299,"58122299 - Charcuterie Salami, Milano Fresh TRSM (Retail Case)",246.02,4493.82,3452.7999999999997,4584.3
2023-05-31,58122301,"58122301 - Charcuterie Salami, Tuscan Fresh TRSM (Retail Case)",240.2,4513.95,3452.7999999999997,4600.72
2023-05-31,58122302,"58122302 - Charcuterie Salami, Chorizo, Cold Smoked Fresh TRSM (Retail Case)",197.36,3524.72,2719.08,3607.11
2023-06-30,58122108,"58122108 - Charcuterie Chorizo, Cold Smoked Fresh TRSM",69.85,1136.4139,837.5015000000001,1122.6359
2023-06-30,58122113,58122113 - Charcuterie Coppa Fresh TRSM,122.24,2474.4584999999997,1856.8256000000001,2471.7015
2023-06-30,58122120,"58122120 - Charcuterie Duck Prosciutto, Cold Smoked Fresh TRSM",68.5,2631.9931,2020.065,2668.6014
2023-06-30,58122135,58122135 - Charcuterie Beef Bresaola Fresh TRSM,167.01,4745.3377,3557.313,4716.666
2023-06-30,58122137,"58122137 - Charcuterie Pepperbites, Cold Smoked Fresh TRSM",104.63,1646.2515,1254.5137,1645.1861000000001
2023-06-30,58122140,"58122140 - Charcuterie Spicy Pork Pepperoni, Cold Smoked Fresh TRSM",248.77,3926.0216,2982.7523,3944.5899
2023-06-30,58122147,58122147 - Charcuterie Elk Goteborg Salami Fresh TRSM,139.05,3205.7598,2529.3195,3360.1583
2023-06-30,58122148,58122148 - Charcuterie Sour Tuscan Salami Fresh TRSM,157.88,2974.9598,2248.2112,2990.3181
2023-06-30,58122154,58122154 - Charcuterie Soria Chorizo Salami Fresh TRSM,235.3,4401.2395,3350.672,4474.1321
2023-06-30,58122159,58122159 - Charcuterie Rosette Salami Fresh TRSM,154.79,2838.1808,2204.2096,2942.2254
2023-06-30,58122166,58122166 - Charcuterie Bison and Herb Salami Fresh TRSM,172.03,4172.0997,3129.2257,4157.0749
2023-06-30,58122177,58122177 - Charcuterie Pancetta Flat Fresh TRSM,138.4,2534.2377,1887.776,2520.1438
2023-06-30,58122195,58122195 - Charcuterie Pork Pizza Pepperoni Hot Smoked Fresh TRSM,370.25,5172.0248,3802.4674999999997,5093.4361
2023-06-30,58122213,58122213 - Charcuterie Fennel Sticks Cold Smoked Fresh TRSM,254.59,4094.6022,3052.5341,4029.6528000000003
2023-06-30,58122239,58122239 - Charcuterie Lonzino Fresh TRSM,159.52,2989.6038,2314.6352,3096.2724
2023-06-30,58122249,58122249 - Charcuterie Beef Summer Salami Fresh TRSM,264.84,4229.0229,3175.4316,4207.5979
2023-06-30,58122256,58122256 - Charcuterie Hot Smoked Pep Fresh TRSM,280.41,3061.6221,2313.3825,3059.5811
2023-06-30,58122287,58122287 - Charcuterie Beef & Bison Pepper Sticks Cold Smoked Fresh TRSM,242.83,5802.7652,4417.0777,5815.4195
2023-06-30,58122295,58122295 - Charcuterie Triple Fennel & Ale Salami Fresh TRSM,194.84,3707.5114,2774.5216,3688.3651
2023-06-30,58122299,"58122299 - Charcuterie Salami, Milano Fresh TRSM (Retail Case)",237.72,4445.84,3323.3199999999997,4415.13
2023-06-30,58122301,"58122301 - Charcuterie Salami, Tuscan Fresh TRSM (Retail Case)",259.42,4781.2,3582.2799999999997,4760.43
2023-06-30,58122302,"58122302 - Charcuterie Salami, Chorizo, Cold Smoked Fresh TRSM (Retail Case)",184.14,3440.34,2589.6,3441.22
2023-07-31,58122108,"58122108 - Charcuterie Chorizo, Cold Smoked Fresh TRSM",158.81,2569.5765,1904.1319,2548.9588
2023-07-31,58122113,58122113 - Charcuterie Coppa Fresh TRSM,208.82999999999998,4209.9619,3172.1277,4228.2394
2023-07-31,58122120,"58122120 - Charcuterie Duck Prosciutto, Cold Smoked Fresh TRSM",75.5,2939.6846,2226.495,2948.1717
2023-07-31,58122135,58122135 - Charcuterie Beef Bresaola Fresh TRSM,129.06,3712.4865999999997,2748.978,3672.3599999999997
2023-07-31,58122137,"58122137 - Charcuterie Pepperbites, Cold Smoked Fresh TRSM",97.75,1548.3523,1172.0225,1539.1975
2023-07-31,58122140,"58122140 - Charcuterie Spicy Pork Pepperoni, Cold Smoked Fresh TRSM",196.32,3072.1625,2353.8768,3093.2299
2023-07-31,58122147,58122147 - Charcuterie Elk Goteborg Salami Fresh TRSM,139.49,3373.0882,2537.3231,3376.6437
2023-07-31,58122148,58122148 - Charcuterie Sour Tuscan Salami Fresh TRSM,122.71000000000001,2367.7306,1747.3904,2337.6452
2023-07-31,58122154,58122154 - Charcuterie Soria Chorizo Salami Fresh TRSM,213.93,4086.3843,3046.3632,4064.9036
2023-07-31,58122159,58122159 - Charcuterie Rosette Salami Fresh TRSM,186.91,3619.3861,2661.5984,3569.4269
2023-07-31,58122166,58122166 - Charcuterie Bison and Herb Salami Fresh TRSM,148.16,3594.628,2695.0304,3586.5742
2023-07-31,58122177,58122177 - Charcuterie Pancetta Flat Fresh TRSM,91.47999999999999,1685.8529,1247.7872,1668.4655
2023-07-31,58122195,58122195 - Charcuterie Pork Pizza Pepperoni Hot Smoked Fresh TRSM,437.81,6123.0163,4496.3087000000005,6023.5159
2023-07-31,58122213,58122213 - Charcuterie Fennel Sticks Cold Smoked Fresh TRSM,269.74,4346.8577,3234.1826,4265.1862
2023-07-31,58122225,58122225 - Charcuterie Beer Sticks Cold Smoked Fresh TRSM,1.42,24.1258,18.0908,24.1258
2023-07-31,58122239,58122239 - Charcuterie Lonzino Fresh TRSM,125.51,2449.8813999999998,1821.1501,2440.4781
2023-07-31,58122249,58122249 - Charcuterie Beef Summer Salami Fresh TRSM,193.45000000000002,3111.6858,2319.4655000000002,3081.0001
2023-07-31,58122256,58122256 - Charcuterie Hot Smoked Pep Fresh TRSM,242.83,2741.8043,2003.3474999999999,2650.9756
2023-07-31,58122287,58122287 - Charcuterie Beef & Bison Pepper Sticks Cold Smoked Fresh TRSM,197.31,4643.1544,3589.0689,4672.6301
2023-07-31,58122295,58122295 - Charcuterie Triple Fennel & Ale Salami Fresh TRSM,201.6,3837.6529,2870.784,3824.5287
2023-07-31,58122299,"58122299 - Charcuterie Salami, Milano Fresh TRSM (Retail Case)",235.64000000000001,4488.69,3366.4799999999996,4470.94
2023-07-31,58122301,"58122301 - Charcuterie Salami, Tuscan Fresh TRSM (Retail Case)",287.02,5343.0199999999995,4013.8799999999997,5325.69
2023-07-31,58122302,"58122302 - Charcuterie Salami, Chorizo, Cold Smoked Fresh TRSM (Retail Case)",246.6,4607.99,3452.7999999999997,4586.04
2023-08-31,58122108,"58122108 - Charcuterie Chorizo, Cold Smoked Fresh TRSM",117.32,1932.4067,1406.6668,1890.1452
2023-08-31,58122113,58122113 - Charcuterie Coppa Fresh TRSM,222.22,4510.3819,3375.5218,4505.7284
2023-08-31,58122120,"58122120 - Charcuterie Duck Prosciutto, Cold Smoked Fresh TRSM",47.76,1849.1226,1408.4424,1859.8979
2023-08-31,58122135,58122135 - Charcuterie Beef Bresaola Fresh TRSM,141.82,4057.7535000000003,3020.766,4018.938
2023-08-31,58122137,"58122137 - Charcuterie Pepperbites, Cold Smoked Fresh TRSM",96.42,1522.4802,1156.0758,1519.3043
2023-08-31,58122140,"58122140 - Charcuterie Spicy Pork Pepperoni, Cold Smoked Fresh TRSM",258.61,4108.6367,3100.7339,4115.6489
2023-08-31,58122147,58122147 - Charcuterie Elk Goteborg Salami Fresh TRSM,112.71,2718.4849,2050.1949,2724.8303
2023-08-31,58122148,58122148 - Charcuterie Sour Tuscan Salami Fresh TRSM,84.86,1602.9827,1208.4064,1606.72
2023-08-31,58122154,58122154 - Charcuterie Soria Chorizo Salami Fresh TRSM,295.75,5653.9476,4211.4800000000005,5625.6981
2023-08-31,58122159,58122159 - Charcuterie Rosette Salami Fresh TRSM,218.33,4218.4444,3109.0192,4162.7323
2023-08-31,58122166,58122166 - Charcuterie Bison and Herb Salami Fresh TRSM,178.57,4335.5578,3248.1883000000003,4324.1923
2023-08-31,58122177,58122177 - Charcuterie Pancetta Flat Fresh TRSM,164.36,2973.6002,2241.8704,3005.0209999999997
2023-08-31,58122195,58122195 - Charcuterie Pork Pizza Pepperoni Hot Smoked Fresh TRSM,406.23,5667.3124,4171.9821,5583.0719
2023-08-31,58122213,58122213 - Charcuterie Fennel Sticks Cold Smoked Fresh TRSM,278.96,4482.3108,3344.7304,4425.6372
2023-08-31,58122225,58122225 - Charcuterie Beer Sticks Cold Smoked Fresh TRSM,46.47,742.2729,592.0278,766.2249
2023-08-31,58122239,58122239 - Charcuterie Lonzino Fresh TRSM,144.14000000000001,2810.1341,2091.4714,2807.0773
2023-08-31,58122249,58122249 - Charcuterie Beef Summer Salami Fresh TRSM,157.34,2510.9686,1886.5066,2495.8285
2023-08-31,58122256,58122256 - Charcuterie Hot Smoked Pep Fresh TRSM,221.93,2401.858,1830.9225,2408.3294
2023-08-31,58122287,58122287 - Charcuterie Beef & Bison Pepper Sticks Cold Smoked Fresh TRSM,230.46,5441.6203000000005,4192.0674,5495.6714
2023-08-31,58122295,58122295 - Charcuterie Triple Fennel & Ale Salami Fresh TRSM,222.67,4235.7326,3170.8208,4223.2992
2023-08-31,58122299,"58122299 - Charcuterie Salami, Milano Fresh TRSM (Retail Case)",246.32,4617.47,3452.7999999999997,4593.96
2023-08-31,58122301,"58122301 - Charcuterie Salami, Tuscan Fresh TRSM (Retail Case)",243.74,4550.74,3409.64,4536.41
2023-08-31,58122302,"58122302 - Charcuterie Salami, Chorizo, Cold Smoked Fresh TRSM (Retail Case)",186.84,3298.47,2460.12,3275.91
2023-09-30,58122108,"58122108 - Charcuterie Chorizo, Cold Smoked Fresh TRSM",99.0,1625.2160999999999,1187.01,1595.6756
2023-09-30,58122113,58122113 - Charcuterie Coppa Fresh TRSM,218.14,4428.2051,3313.5466,4415.6186
2023-09-30,58122120,"58122120 - Charcuterie Duck Prosciutto, Cold Smoked Fresh TRSM",102.97,4030.0977000000003,3036.5853,4045.1877
2023-09-30,58122135,58122135 - Charcuterie Beef Bresaola Fresh TRSM,133.28,3779.0537,2838.864,3764.852
2023-09-30,58122137,"58122137 - Charcuterie Pepperbites, Cold Smoked Fresh TRSM",81.78,1289.2891,980.5422,1290.2808
2023-09-30,58122140,"58122140 - Charcuterie Spicy Pork Pepperoni, Cold Smoked Fresh TRSM",172.1,2678.8278999999998,2063.479,2698.1907
2023-09-30,58122147,58122147 - Charcuterie Elk Goteborg Salami Fresh TRSM,91.4,2134.0126,1662.566,2217.3426
2023-09-30,58122148,58122148 - Charcuterie Sour Tuscan Salami Fresh TRSM,152.63,2889.3605,2173.4512,2874.1540999999997
2023-09-30,58122154,58122154 - Charcuterie Soria Chorizo Salami Fresh TRSM,197.99,3770.0396,2819.3776,3752.8253
2023-09-30,58122159,58122159 - Charcuterie Rosette Salami Fresh TRSM,67.14999999999999,1298.3798,956.216,1280.1580999999999
2023-09-30,58122166,58122166 - Charcuterie Bison and Herb Salami Fresh TRSM,114.21,2769.7886,2077.4799000000003,2758.0931
2023-09-30,58122177,58122177 - Charcuterie Pancetta Flat Fresh TRSM,103.55,1908.9929,1412.422,1898.5397
2023-09-30,58122195,58122195 - Charcuterie Pork Pizza Pepperoni Hot Smoked Fresh TRSM,203.31,2834.5533,2087.9937,2794.4168999999997
2023-09-30,58122213,58122213 - Charcuterie Fennel Sticks Cold Smoked Fresh TRSM,212.82999999999998,3409.5634999999997,2551.8317,3365.5673
2023-09-30,58122225,58122225 - Charcuterie Beer Sticks Cold Smoked Fresh TRSM,28.509999999999998,482.3684,363.2174,458.2967
2023-09-30,58122239,58122239 - Charcuterie Lonzino Fresh TRSM,39.4,761.3839,571.694,759.0346
2023-09-30,58122249,58122249 - Charcuterie Beef Summer Salami Fresh TRSM,148.94,2383.9537,1785.7906,2368.1367
2023-09-30,58122256,58122256 - Charcuterie Hot Smoked Pep Fresh TRSM,180.94,1946.8269,1492.7549999999999,1970.4281
2023-09-30,58122287,58122287 - Charcuterie Beef & Bison Pepper Sticks Cold Smoked Fresh TRSM,209.45,5007.4406,3809.8955,4979.4319
2023-09-30,58122295,58122295 - Charcuterie Triple Fennel & Ale Salami Fresh TRSM,89.38,1698.3792,1272.7712000000001,1689.9193
2023-09-30,58122299,"58122299 - Charcuterie Salami, Milano Fresh TRSM (Retail Case)",170.74,3338.7599999999998,2503.2799999999997,3343.12
2023-09-30,58122301,"58122301 - Charcuterie Salami, Tuscan Fresh TRSM (Retail Case)",175.4,3611.49,2719.08,3621.21
2023-09-30,58122302,"58122302 - Charcuterie Salami, Chorizo, Cold Smoked Fresh TRSM (Retail Case)",168.4,3092.08,2330.64,3110.6
2023-10-31,58122108,"58122108 - Charcuterie Chorizo, Cold Smoked Fresh TRSM",80.12,1314.1855,960.6388000000001,1288.3396
2023-10-31,58122113,58122113 - Charcuterie Coppa Fresh TRSM,165.28,3350.4342,2510.6032,3347.6762
2023-10-31,58122120,"58122120 - Charcuterie Duck Prosciutto, Cold Smoked Fresh TRSM",77.58,2951.2833,2287.8342000000002,3043.551
2023-10-31,58122135,58122135 - Charcuterie Beef Bresaola Fresh TRSM,71.83,2030.221,1529.9789999999998,2022.4496
2023-10-31,58122137,"58122137 - Charcuterie Pepperbites, Cold Smoked Fresh TRSM",85.86,1365.5586,1029.4614,1361.5517
2023-10-31,58122140,"58122140 - Charcuterie Spicy Pork Pepperoni, Cold Smoked Fresh TRSM",269.92,4266.4234,3236.3408,4286.2578
2023-10-31,58122147,58122147 - Charcuterie Elk Goteborg Salami Fresh TRSM,69.13,1668.1736,1257.4747,1663.8020999999999
2023-10-31,58122148,58122148 - Charcuterie Sour Tuscan Salami Fresh TRSM,109.4,2088.083,1557.856,2076.5985
2023-10-31,58122154,58122154 - Charcuterie Soria Chorizo Salami Fresh TRSM,172.09,3303.9053,2450.5616,3280.8441000000003
2023-10-31,58122159,58122159 - Charcuterie Rosette Salami Fresh TRSM,68.89,1334.0245,980.9936,1315.221
2023-10-31,58122166,58122166 - Charcuterie Bison and Herb Salami Fresh TRSM,94.16,2260.5696,1712.7703999999999,2257.8562
2023-10-31,58122177,58122177 - Charcuterie Pancetta Flat Fresh TRSM,103.63,1885.8434,1413.5132,1875.7265
2023-10-31,58122195,58122195 - Charcuterie Pork Pizza Pepperoni Hot Smoked Fresh TRSM,274.28000000000003,3816.5552,2816.8556,3765.4792
2023-10-31,58122213,58122213 - Charcuterie Fennel Sticks Cold Smoked Fresh TRSM,292.11,4718.7182999999995,3502.3989,4643.0615
2023-10-31,58122225,58122225 - Charcuterie Beer Sticks Cold Smoked Fresh TRSM,73.32,1210.3134,934.0968,1231.647
2023-10-31,58122239,58122239 - Charcuterie Lonzino Fresh TRSM,70.44,1364.9798,1022.0844,1362.9636
2023-10-31,58122249,58122249 - Charcuterie Beef Summer Salami Fresh TRSM,135.4,2149.3421,1623.4460000000001,2136.6711
2023-10-31,58122256,58122256 - Charcuterie Hot Smoked Pep Fresh TRSM,189.15,2032.2083,1560.4875,2063.2649
2023-10-31,58122287,58122287 - Charcuterie Beef & Bison Pepper Sticks Cold Smoked Fresh TRSM,204.74,4917.4538,3724.2206,4874.2483999999995
2023-10-31,58122295,58122295 - Charcuterie Triple Fennel & Ale Salami Fresh TRSM,107.65,2046.3561,1532.936,2037.8802
2023-10-31,58122299,"58122299 - Charcuterie Salami, Milano Fresh TRSM (Retail Case)",199.82,3656.44,2805.3999999999996,3721.0499999999997
2023-10-31,58122301,"58122301 - Charcuterie Salami, Tuscan Fresh TRSM (Retail Case)",171.3,3326.02,2632.7599999999998,3490.27
2023-10-31,58122302,"58122302 - Charcuterie Salami, Chorizo, Cold Smoked Fresh TRSM (Retail Case)",163.76,3031.96,2330.64,3093.6
2023-11-30,58122108,"58122108 - Charcuterie Chorizo, Cold Smoked Fresh TRSM",78.26,1275.3183,938.3374,1256.3154
2023-11-30,58122113,58122113 - Charcuterie Coppa Fresh TRSM,167.13,3387.9886,2538.7047000000002,3381.9216
2023-11-30,58122120,"58122120 - Charcuterie Duck Prosciutto, Cold Smoked Fresh TRSM",83.13,3281.9856,2451.5037,3266.5072999999998
2023-11-30,58122135,58122135 - Charcuterie Beef Bresaola Fresh TRSM,31.18,858.288,664.134,852.4356
2023-11-30,58122137,"58122137 - Charcuterie Pepperbites, Cold Smoked Fresh TRSM",73.72,1161.6295,883.9028000000001,1160.5848
2023-11-30,58122140,"58122140 - Charcuterie Spicy Pork Pepperoni, Cold Smoked Fresh TRSM",169.52,2660.2665,2032.5448000000001,2674.1388
2023-11-30,58122147,58122147 - Charcuterie Elk Goteborg Salami Fresh TRSM,117.86,2855.463,2143.8734,2843.4116
2023-11-30,58122148,58122148 - Charcuterie Sour Tuscan Salami Fresh TRSM,154.14000000000001,2897.4309,2194.9536,2924.8972
2023-11-30,58122154,58122154 - Charcuterie Soria Chorizo Salami Fresh TRSM,159.74,3035.7973,2274.6976,3025.8256
2023-11-30,58122159,58122159 - Charcuterie Rosette Salami Fresh TRSM,49.23,949.4531000000001,701.0352,940.2737
2023-11-30,58122166,58122166 - Charcuterie Bison and Herb Salami Fresh TRSM,176.26,4270.7795,3206.1694,4269.8726
2023-11-30,58122177,58122177 - Charcuterie Pancetta Flat Fresh TRSM,78.7,1452.48,1073.468,1441.7446
2023-11-30,58122195,58122195 - Charcuterie Pork Pizza Pepperoni Hot Smoked Fresh TRSM,263.13,3662.9808,2702.3451,3612.2759
2023-11-30,58122213,58122213 - Charcuterie Fennel Sticks Cold Smoked Fresh TRSM,208.5,3314.5742,2499.915,3297.2015
2023-11-30,58122225,58122225 - Charcuterie Beer Sticks Cold Smoked Fresh TRSM,27.09,458.063,345.1266,453.6966
2023-11-30,58122239,58122239 - Charcuterie Lonzino Fresh TRSM,65.89,1268.1786,956.0639,1273.2327
2023-11-30,58122249,58122249 - Charcuterie Beef Summer Salami Fresh TRSM,163.22,2613.2958,1957.0077999999999,2591.9415
2023-11-30,58122256,58122256 - Charcuterie Hot Smoked Pep Fresh TRSM,138.29,1545.1676,1140.8925,1519.9225999999999
2023-11-30,58122287,58122287 - Charcuterie Beef & Bison Pepper Sticks Cold Smoked Fresh TRSM,195.65,4667.0452,3558.8735,4643.2267
2023-11-30,58122295,58122295 - Charcuterie Triple Fennel & Ale Salami Fresh TRSM,133.05,2544.7228,1894.632,2530.4169
2023-11-30,58122299,"58122299 - Charcuterie Salami, Milano Fresh TRSM (Retail Case)",187.92,3565.11,2675.9199999999996,3558.06
2023-11-30,58122301,"58122301 - Charcuterie Salami, Tuscan Fresh TRSM (Retail Case)",184.74,3694.94,2762.24,3672.0
2023-11-30,58122302,"58122302 - Charcuterie Salami, Chorizo, Cold Smoked Fresh TRSM (Retail Case)",190.42000000000002,3580.88,2675.9199999999996,3564.24
2023-11-30,58122322,58122322 - Charcuterie Fennel Salami Sticks Cold Smoked Fresh TRSM (Retail Case),61.83,1177.5900000000001,899.7600000000001,1180.0900000000001
2023-11-30,58122323,58122323 - Charcuterie Spicy Pork Salami Sticks Cold Smoked Fresh TRSM (Retail Case),64.22,1127.6000000000001,862.2700000000001,1130.1000000000001
2023-11-30,58122324,"58122324 - Charcuterie Beer Salami Sticks, Cold Smoked Fresh TRSM (Retail Case)",62.5,1127.6000000000001,899.7600000000001,1180.5900000000001
2023-11-30,58122327,58122327 - Charcuterie Bison and Herb Salami SLICED Fresh TRSM (Pack),1.74,46.632,34.974,46.632
2023-11-30,58122328,58122328 - Charcuterie Elk Goteborg Salami SLICED Fresh TRSM (Pack),2.02,54.136,40.602,54.136
2023-12-31,58122108,"58122108 - Charcuterie Chorizo, Cold Smoked Fresh TRSM",158.73,2557.2835,1903.1727,2544.7503
2023-12-31,58122113,58122113 - Charcuterie Coppa Fresh TRSM,223.63,4517.9567,3396.9397,4501.1592
2023-12-31,58122120,"58122120 - Charcuterie Duck Prosciutto, Cold Smoked Fresh TRSM",69.24,2635.8313,2041.8876,2650.8253
2023-12-31,58122135,58122135 - Charcuterie Beef Bresaola Fresh TRSM,143.81,4064.0365,3063.1530000000002,4030.9732
2023-12-31,58122137,"58122137 - Charcuterie Pepperbites, Cold Smoked Fresh TRSM",80.72,1275.0586,967.8328,1274.8348
2023-12-31,58122140,"58122140 - Charcuterie Spicy Pork Pepperoni, Cold Smoked Fresh TRSM",201.79,3149.44,2419.4621,3183.4412
2023-12-31,58122147,58122147 - Charcuterie Elk Goteborg Salami Fresh TRSM,139.03,3347.4689,2528.9557,3342.2343
2023-12-31,58122148,58122148 - Charcuterie Sour Tuscan Salami Fresh TRSM,201.37,3820.0960999999998,2867.5088,3798.3564
2023-12-31,58122154,58122154 - Charcuterie Soria Chorizo Salami Fresh TRSM,183.43,3455.497,2612.0432,3446.0067
2023-12-31,58122159,58122159 - Charcuterie Rosette Salami Fresh TRSM,246.42000000000002,4686.0933,3509.0208,4672.536700000001
2023-12-31,58122166,58122166 - Charcuterie Bison and Herb Salami Fresh TRSM,202.47,4868.9461,3682.9293,4861.1181
2023-12-31,58122177,58122177 - Charcuterie Pancetta Flat Fresh TRSM,144.15,2593.0965,1966.2060000000001,2586.7993
2023-12-31,58122195,58122195 - Charcuterie Pork Pizza Pepperoni Hot Smoked Fresh TRSM,232.68,3247.4207,2389.6236,3188.1234
2023-12-31,58122213,58122213 - Charcuterie Fennel Sticks Cold Smoked Fresh TRSM,249.72,3944.6965,2994.1428,3932.0713
2023-12-31,58122225,58122225 - Charcuterie Beer Sticks Cold Smoked Fresh TRSM,102.28999999999999,1721.4738,1303.1746,1693.642
2023-12-31,58122239,58122239 - Charcuterie Lonzino Fresh TRSM,1.36,26.316,19.7336,26.316
2023-12-31,58122249,58122249 - Charcuterie Beef Summer Salami Fresh TRSM,149.87,2383.9847,1796.9413,2375.8895
2023-12-31,58122256,58122256 - Charcuterie Hot Smoked Pep Fresh TRSM,174.62,1862.8369,1440.615,1885.3732
2023-12-31,58122287,58122287 - Charcuterie Beef & Bison Pepper Sticks Cold Smoked Fresh TRSM,197.66,4661.4925,3595.4354,4645.8918
2023-12-31,58122295,58122295 - Charcuterie Triple Fennel & Ale Salami Fresh TRSM,221.65,4179.3297,3156.296,4166.1834
2023-12-31,58122299,"58122299 - Charcuterie Salami, Milano Fresh TRSM (Retail Case)",266.86,5074.75,3841.24,5102.25
2023-12-31,58122301,"58122301 - Charcuterie Salami, Tuscan Fresh TRSM (Retail Case)",282.56,5299.97,4013.8799999999997,5324.53
2023-12-31,58122302,"58122302 - Charcuterie Salami, Chorizo, Cold Smoked Fresh TRSM (Retail Case)",251.48000000000002,4616.74,3495.9599999999996,4640.69
2023-12-31,58122322,58122322 - Charcuterie Fennel Salami Sticks Cold Smoked Fresh TRSM (Retail Case),97.4,1824.64,1387.13,1859.13
2023-12-31,58122323,58122323 - Charcuterie Spicy Pork Salami Sticks Cold Smoked Fresh TRSM (Retail Case),103.44,1792.25,1424.6200000000001,1901.73
2023-12-31,58122324,"58122324 - Charcuterie Beer Salami Sticks, Cold Smoked Fresh TRSM (Retail Case)",97.14,1850.13,1387.13,1860.13
2023-12-31,58122327,58122327 - Charcuterie Bison and Herb Salami SLICED Fresh TRSM (Pack),31.520000000000003,844.7360000000001,633.552,844.7360000000001
2023-12-31,58122328,58122328 - Charcuterie Elk Goteborg Salami SLICED Fresh TRSM (Pack),78.28999999999999,2098.172,1573.629,2098.172
2024-01-31,58122108,"58122108 - Charcuterie Chorizo, Cold Smoked Fresh TRSM",75.62,1222.8461,906.6838,1212.111
2024-01-31,58122113,58122113 - Charcuterie Coppa Fresh TRSM,172.55,3497.99,2621.0344999999998,3489.2464999999997
2024-01-31,58122120,"58122120 - Charcuterie Duck Prosciutto, Cold Smoked Fresh TRSM",54.4,2134.5118,1604.2559999999999,2132.9308
2024-01-31,58122135,58122135 - Charcuterie Beef Bresaola Fresh TRSM,92.15,2620.7358,1962.795,2608.03
2024-01-31,58122137,"58122137 - Charcuterie Pepperbites, Cold Smoked Fresh TRSM",42.26,670.514,506.6974,665.5225
2024-01-31,58122140,"58122140 - Charcuterie Spicy Pork Pepperoni, Cold Smoked Fresh TRSM",159.29,2514.174,1909.8871000000001,2526.7769
2024-01-31,58122147,58122147 - Charcuterie Elk Goteborg Salami Fresh TRSM,65.84,1617.0439999999999,1197.6296,1601.9071999999999
2024-01-31,58122148,58122148 - Charcuterie Sour Tuscan Salami Fresh TRSM,68.76,1321.4844,979.1424,1311.764
2024-01-31,58122154,58122154 - Charcuterie Soria Chorizo Salami Fresh TRSM,163.6,3142.114,2329.664,3130.7078
2024-01-31,58122159,58122159 - Charcuterie Rosette Salami Fresh TRSM,42.28,816.1482,602.0672,804.1433999999999
2024-01-31,58122166,58122166 - Charcuterie Bison and Herb Salami Fresh TRSM,78.74,1914.5601,1432.2806,1919.129
2024-01-31,58122177,58122177 - Charcuterie Pancetta Flat Fresh TRSM,217.1,3974.5837,2961.244,3962.2376000000004
2024-01-31,58122195,58122195 - Charcuterie Pork Pizza Pepperoni Hot Smoked Fresh TRSM,246.84,3485.188,2535.0468,3400.8178
2024-01-31,58122213,58122213 - Charcuterie Fennel Sticks Cold Smoked Fresh TRSM,227.94,3699.8781,2733.0006,3639.6623
2024-01-31,58122225,58122225 - Charcuterie Beer Sticks Cold Smoked Fresh TRSM,43.0,732.0427000000001,547.82,704.806
2024-01-31,58122239,58122239 - Charcuterie Lonzino Fresh TRSM,11.46,222.304,166.2846,222.0284
2024-01-31,58122249,58122249 - Charcuterie Beef Summer Salami Fresh TRSM,147.61,2387.1179,1769.8439,2367.6071
2024-01-31,58122256,58122256 - Charcuterie Hot Smoked Pep Fresh TRSM,135.26,1476.9467,1115.895,1468.0134
2024-01-31,58122287,58122287 - Charcuterie Beef & Bison Pepper Sticks Cold Smoked Fresh TRSM,187.5,4514.2396,3410.625,4496.053
2024-01-31,58122295,58122295 - Charcuterie Triple Fennel & Ale Salami Fresh TRSM,94.24,1799.3723,1341.9776,1798.3481
2024-01-31,58122299,"58122299 - Charcuterie Salami, Milano Fresh TRSM (Retail Case)",169.9,3342.22,2503.2799999999997,3334.62
2024-01-31,58122301,"58122301 - Charcuterie Salami, Tuscan Fresh TRSM (Retail Case)",167.46,3728.17,2805.3999999999996,3745.97
2024-01-31,58122302,"58122302 - Charcuterie Salami, Chorizo, Cold Smoked Fresh TRSM (Retail Case)",176.85999999999999,3344.94,2503.2799999999997,3335.2
2024-01-31,58122322,58122322 - Charcuterie Fennel Salami Sticks Cold Smoked Fresh TRSM (Retail Case),59.510000000000005,1099.78,862.2700000000001,1152.27
2024-01-31,58122323,58122323 - Charcuterie Spicy Pork Salami Sticks Cold Smoked Fresh TRSM (Retail Case),49.3,899.82,712.3100000000001,952.3100000000001
2024-01-31,58122324,"58122324 - Charcuterie Beer Salami Sticks, Cold Smoked Fresh TRSM (Retail Case)",57.14,1049.79,824.7800000000001,1102.78
2024-01-31,58122327,58122327 - Charcuterie Bison and Herb Salami SLICED Fresh TRSM (Pack),8.629999999999999,231.284,173.46300000000002,231.284
2024-01-31,58122328,58122328 - Charcuterie Elk Goteborg Salami SLICED Fresh TRSM (Pack),22.08,591.7439999999999,443.808,591.7439999999999
2024-02-29,58122108,"58122108 - Charcuterie Chorizo, Cold Smoked Fresh TRSM",82.24,1343.4378,986.0576,1322.7616
2024-02-29,58122113,58122113 - Charcuterie Coppa Fresh TRSM,163.64,3337.3540000000003,2485.6916,3324.5879999999997
2024-02-29,58122120,"58122120 - Charcuterie Duck Prosciutto, Cold Smoked Fresh TRSM",76.16,2975.9434,2245.9584,2973.4383
2024-02-29,58122135,58122135 - Charcuterie Beef Bresaola Fresh TRSM,67.59,1921.7492,1439.667,1923.9715999999999
2024-02-29,58122137,"58122137 - Charcuterie Pepperbites, Cold Smoked Fresh TRSM",67.11,1062.244,804.6489,1061.5311
2024-02-29,58122140,"58122140 - Charcuterie Spicy Pork Pepperoni, Cold Smoked Fresh TRSM",129.52,2031.166,1552.9448,2047.4263999999998
2024-02-29,58122147,58122147 - Charcuterie Elk Goteborg Salami Fresh TRSM,97.25,2369.1125,1768.9775,2354.5527
2024-02-29,58122148,58122148 - Charcuterie Sour Tuscan Salami Fresh TRSM,112.55,2156.3799,1602.712,2140.9055
2024-02-29,58122154,58122154 - Charcuterie Soria Chorizo Salami Fresh TRSM,144.93,2778.8295,2063.8032,2764.1642
2024-02-29,58122159,58122159 - Charcuterie Rosette Salami Fresh TRSM,34.2,662.3813,487.008,654.2592999999999
2024-02-29,58122166,58122166 - Charcuterie Bison and Herb Salami Fresh TRSM,121.81,2960.8978,2215.7239,2954.5375
2024-02-29,58122177,58122177 - Charcuterie Pancetta Flat Fresh TRSM,253.16,4634.1077000000005,3453.1024,4621.211
2024-02-29,58122195,58122195 - Charcuterie Pork Pizza Pepperoni Hot Smoked Fresh TRSM,216.45,3045.5687,2222.9415,2970.7349
2024-02-29,58122213,58122213 - Charcuterie Fennel Sticks Cold Smoked Fresh TRSM,246.56,3948.7282999999998,2956.2544,3910.7636
2024-02-29,58122225,58122225 - Charcuterie Beer Sticks Cold Smoked Fresh TRSM,50.589999999999996,807.9519,644.5166,827.2509
2024-02-29,58122239,58122239 - Charcuterie Lonzino Fresh TRSM,38.37,752.1136,556.7487,745.1328
2024-02-29,58122249,58122249 - Charcuterie Beef Summer Salami Fresh TRSM,170.79,2759.1977,2047.7721,2739.4857
2024-02-29,58122256,58122256 - Charcuterie Hot Smoked Pep Fresh TRSM,167.59,1753.2944,1382.6175,1810.8133
2024-02-29,58122287,58122287 - Charcuterie Beef & Bison Pepper Sticks Cold Smoked Fresh TRSM,170.17000000000002,4058.3857,3095.3923,4047.8691
2024-02-29,58122295,58122295 - Charcuterie Triple Fennel & Ale Salami Fresh TRSM,124.98,2390.1459,1779.7152,2374.2826
2024-02-29,58122299,"58122299 - Charcuterie Salami, Milano Fresh TRSM (Retail Case)",140.48,2818.79,2114.8399999999997,2815.5099999999998
2024-02-29,58122301,"58122301 - Charcuterie Salami, Tuscan Fresh TRSM (Retail Case)",168.48,3343.04,2503.2799999999997,3332.2999999999997
2024-02-29,58122302,"58122302 - Charcuterie Salami, Chorizo, Cold Smoked Fresh TRSM (Retail Case)",135.28,2577.46,1942.1999999999998,2583.5699999999997
2024-02-29,58122322,58122322 - Charcuterie Fennel Salami Sticks Cold Smoked Fresh TRSM (Retail Case),70.38,1342.3400000000001,1012.23,1346.8400000000001
2024-02-29,58122323,58122323 - Charcuterie Spicy Pork Salami Sticks Cold Smoked Fresh TRSM (Retail Case),64.64,1242.3600000000001,937.25,1246.3600000000001
2024-02-29,58122324,"58122324 - Charcuterie Beer Salami Sticks, Cold Smoked Fresh TRSM (Retail Case)",62.34,1192.3700000000001,899.7600000000001,1196.8700000000001
2024-02-29,58122327,58122327 - Charcuterie Bison and Herb Salami SLICED Fresh TRSM (Pack),3.41,91.388,68.541,91.388
2024-02-29,58122328,58122328 - Charcuterie Elk Goteborg Salami SLICED Fresh TRSM (Pack),39.44,1056.992,792.744,1056.992
2024-03-31,58122108,"58122108 - Charcuterie Chorizo, Cold Smoked Fresh TRSM",41.56,677.8805,498.3044,668.962
2024-03-31,58122113,58122113 - Charcuterie Coppa Fresh TRSM,68.16,1384.4025000000001,1035.3504,1383.854
2024-03-31,58122120,"58122120 - Charcuterie Duck Prosciutto, Cold Smoked Fresh TRSM",34.46,1333.5087,1016.2254,1332.2855
2024-03-31,58122135,58122135 - Charcuterie Beef Bresaola Fresh TRSM,66.39,1891.5282,1414.107,1882.5472
2024-03-31,58122137,"58122137 - Charcuterie Pepperbites, Cold Smoked Fresh TRSM",62.5,983.9394,749.375,980.9875
2024-03-31,58122140,"58122140 - Charcuterie Spicy Pork Pepperoni, Cold Smoked Fresh TRSM",156.52,2439.3728,1876.6748,2461.185
2024-03-31,58122147,58122147 - Charcuterie Elk Goteborg Salami Fresh TRSM,88.44,2148.7461,1608.7236,2137.5008
2024-03-31,58122148,58122148 - Charcuterie Sour Tuscan Salami Fresh TRSM,100.36,1919.2143,1429.1264,1907.3492999999999
2024-03-31,58122154,58122154 - Charcuterie Soria Chorizo Salami Fresh TRSM,179.2,3424.7395,2551.808,3410.1313999999998
2024-03-31,58122159,58122159 - Charcuterie Rosette Salami Fresh TRSM,54.81,1064.7413,780.4944,1047.8787
2024-03-31,58122162,58122162 - Charcuterie Guanciale S-OFF Fresh TRSM,0.84,15.54,11.6592,15.54
2024-03-31,58122166,58122166 - Charcuterie Bison and Herb Salami Fresh TRSM,111.18,2696.1601,2022.3642,2704.0696
2024-03-31,58122177,58122177 - Charcuterie Pancetta Flat Fresh TRSM,275.98,5070.4078,3764.3672,5046.3508
2024-03-31,58122195,58122195 - Charcuterie Pork Pizza Pepperoni Hot Smoked Fresh TRSM,222.62,3143.6851,2286.3074,3067.4386
2024-03-31,58122213,58122213 - Charcuterie Fennel Sticks Cold Smoked Fresh TRSM,212.1,3388.6906,2543.079,3366.4673
2024-03-31,58122225,58122225 - Charcuterie Beer Sticks Cold Smoked Fresh TRSM,53.69,900.6333,684.0106,875.6917
2024-03-31,58122239,58122239 - Charcuterie Lonzino Fresh TRSM,50.54,984.856,733.3353999999999,982.5299
2024-03-31,58122249,58122249 - Charcuterie Beef Summer Salami Fresh TRSM,61.05,965.8143,731.9895,959.5905
2024-03-31,58122256,58122256 - Charcuterie Hot Smoked Pep Fresh TRSM,175.98,1872.8669,1451.835,1911.4847
2024-03-31,58122287,58122287 - Charcuterie Beef & Bison Pepper Sticks Cold Smoked Fresh TRSM,148.99,3542.5,2710.1281,3528.3149
2024-03-31,58122295,58122295 - Charcuterie Triple Fennel & Ale Salami Fresh TRSM,134.54,2578.3307,1915.8496,2566.7877
2024-03-31,58122299,"58122299 - Charcuterie Salami, Milano Fresh TRSM (Retail Case)",136.65,2701.92,2028.5199999999998,2700.99
2024-03-31,58122301,"58122301 - Charcuterie Salami, Tuscan Fresh TRSM (Retail Case)",172.52,3338.45,2503.2799999999997,3343.7
2024-03-31,58122302,"58122302 - Charcuterie Salami, Chorizo, Cold Smoked Fresh TRSM (Retail Case)",145.32,2880.29,2158.0,2873.06
2024-03-31,58122322,58122322 - Charcuterie Fennel Salami Sticks Cold Smoked Fresh TRSM (Retail Case),65.34,1299.74,974.7400000000001,1304.24
2024-03-31,58122323,58122323 - Charcuterie Spicy Pork Salami Sticks Cold Smoked Fresh TRSM (Retail Case),47.28,899.82,674.82,901.32
2024-03-31,58122324,"58122324 - Charcuterie Beer Salami Sticks, Cold Smoked Fresh TRSM (Retail Case)",76.26,1437.71,1087.21,1455.21
2024-03-31,58122327,58122327 - Charcuterie Bison and Herb Salami SLICED Fresh TRSM (Pack),13.75,368.5,276.375,368.5
2024-03-31,58122328,58122328 - Charcuterie Elk Goteborg Salami SLICED Fresh TRSM (Pack),27.33,732.444,549.3330000000001,732.444
2024-03-31,58122331,58122331 - Charcuterie Triple Fennel & Ale Salami SLICED Fresh TRSM (Pack),1.88,40.138,29.986,39.9876
2024-04-30,58122108,"58122108 - Charcuterie Chorizo, Cold Smoked Fresh TRSM",72.42,1164.1594,868.3158000000001,1160.2694
2024-04-30,58122113,58122113 - Charcuterie Coppa Fresh TRSM,109.491,2233.7191,1663.16829,2221.1996
2024-04-30,58122120,"58122120 - Charcuterie Duck Prosciutto, Cold Smoked Fresh TRSM",80.99,3147.4326,2388.3951,3142.1441
2024-04-30,58122135,58122135 - Charcuterie Beef Bresaola Fresh TRSM,119.83999999999999,3420.0121,2552.592,3410.47
2024-04-30,58122137,"58122137 - Charcuterie Pepperbites, Cold Smoked Fresh TRSM",82.72,1315.5622,991.8128,1312.2608
2024-04-30,58122140,"58122140 - Charcuterie Spicy Pork Pepperoni, Cold Smoked Fresh TRSM",379.90999999999997,6024.7596,4555.1209,6044.3347
2024-04-30,58122147,58122147 - Charcuterie Elk Goteborg Salami Fresh TRSM,95.84,2314.1316,1743.3296,2308.256
2024-04-30,58122148,58122148 - Charcuterie Sour Tuscan Salami Fresh TRSM,138.54,2658.5622,1972.8096,2629.2989
2024-04-30,58122154,58122154 - Charcuterie Soria Chorizo Salami Fresh TRSM,205.35,3927.8433999999997,2924.184,3899.7717
2024-04-30,58122159,58122159 - Charcuterie Rosette Salami Fresh TRSM,62.25,1165.8961,886.4399999999999,1190.2576
2024-04-30,58122162,58122162 - Charcuterie Guanciale S-OFF Fresh TRSM,40.3,721.87,559.364,745.55
2024-04-30,58122166,58122166 - Charcuterie Bison and Herb Salami Fresh TRSM,153.25,3709.4522,2787.6175,3713.4851
2024-04-30,58122177,58122177 - Charcuterie Pancetta Flat Fresh TRSM,166.57,3038.3952,2272.0148,3024.7988
2024-04-30,58122195,58122195 - Charcuterie Pork Pizza Pepperoni Hot Smoked Fresh TRSM,282.71,3937.7298,2903.4317,3877.6543
2024-04-30,58122213,58122213 - Charcuterie Fennel Sticks Cold Smoked Fresh TRSM,404.69,6415.7986,4852.2331,6430.4821
2024-04-30,58122225,58122225 - Charcuterie Beer Sticks Cold Smoked Fresh TRSM,96.99000000000001,1610.9072,1235.6526000000001,1606.8012
2024-04-30,58122239,58122239 - Charcuterie Lonzino Fresh TRSM,132.05,2568.74,1916.0455,2555.6545
2024-04-30,58122249,58122249 - Charcuterie Beef Summer Salami Fresh TRSM,95.44,1528.5721,1144.3256,1522.144
2024-04-30,58122256,58122256 - Charcuterie Hot Smoked Pep Fresh TRSM,237.19,2541.2277,1956.8174999999999,2592.0453
2024-04-30,58122287,58122287 - Charcuterie Beef & Bison Pepper Sticks Cold Smoked Fresh TRSM,187.77,4527.0311,3415.5362999999998,4499.9201
2024-04-30,58122295,58122295 - Charcuterie Triple Fennel & Ale Salami Fresh TRSM,200.86,3826.9631,2860.2464,3815.5731
2024-04-30,58122299,"58122299 - Charcuterie Salami, Milano Fresh TRSM (Retail Case)",118.57,2292.5099999999998,1726.3999999999999,2286.74
2024-04-30,58122301,"58122301 - Charcuterie Salami, Tuscan Fresh TRSM (Retail Case)",161.28,3134.42,2330.64,3113.5
2024-04-30,58122302,"58122302 - Charcuterie Salami, Chorizo, Cold Smoked Fresh TRSM (Retail Case)",162.83,3163.99,2373.7999999999997,3152.31
2024-04-30,58122322,58122322 - Charcuterie Fennel Salami Sticks Cold Smoked Fresh TRSM (Retail Case),98.95,1892.23,1424.6200000000001,1896.23
2024-04-30,58122323,58122323 - Charcuterie Spicy Pork Salami Sticks Cold Smoked Fresh TRSM (Retail Case),76.96000000000001,1499.7,1124.7,1503.2
2024-04-30,58122324,"58122324 - Charcuterie Beer Salami Sticks, Cold Smoked Fresh TRSM (Retail Case)",84.88000000000001,1592.29,1199.68,1597.29
2024-04-30,58122331,58122331 - Charcuterie Triple Fennel & Ale Salami SLICED Fresh TRSM (Pack),1.81,38.4987,28.8695,38.4987
2024-04-30,58122332,58122332 - Charcuterie Sour Tuscan Salami SLICED Fresh (Pack),6.14,132.01,97.933,131.8872
2024-04-30,58122334,58122334 - Charcuterie Rosette Salami SLICED Fresh TRSM (Pack),6.0,129.0,95.7,128.88
2024-04-30,58122338,58122338 - Charcuterie Lonzino SLICED Fresh TRSM (Pack),7.8100000000000005,171.0555,127.303,171.0555
2024-05-31,58122108,"58122108 - Charcuterie Chorizo, Cold Smoked Fresh TRSM",89.81,1459.6221,1076.8219,1442.3707
2024-05-31,58122113,58122113 - Charcuterie Coppa Fresh TRSM,153.93,3125.0498000000002,2338.1967,3122.2798
2024-05-31,58122120,"58122120 - Charcuterie Duck Prosciutto, Cold Smoked Fresh TRSM",74.11,2911.4703,2185.5039,2896.1124
2024-05-31,58122135,58122135 - Charcuterie Beef Bresaola Fresh TRSM,72.7,2053.7978,1548.51,2042.7839999999999
2024-05-31,58122137,"58122137 - Charcuterie Pepperbites, Cold Smoked Fresh TRSM",125.46,2003.5916,1504.2654,1999.1072
2024-05-31,58122140,"58122140 - Charcuterie Spicy Pork Pepperoni, Cold Smoked Fresh TRSM",241.2,3819.8698,2891.988,3826.3871
2024-05-31,58122147,58122147 - Charcuterie Elk Goteborg Salami Fresh TRSM,99.45,2419.5517,1808.9955,2403.4351
2024-05-31,58122148,58122148 - Charcuterie Sour Tuscan Salami Fresh TRSM,155.33,2967.7438,2211.8992,2953.5906999999997
2024-05-31,58122154,58122154 - Charcuterie Soria Chorizo Salami Fresh TRSM,202.63,3884.4125,2885.4512,3862.6172
2024-05-31,58122159,58122159 - Charcuterie Rosette Salami Fresh TRSM,98.66,1922.1472,1404.9184,1890.2145
2024-05-31,58122162,58122162 - Charcuterie Guanciale S-OFF Fresh TRSM,27.39,506.715,380.1732,506.715
2024-05-31,58122166,58122166 - Charcuterie Bison and Herb Salami Fresh TRSM,161.9,3928.2672000000002,2944.961,3927.9502
2024-05-31,58122177,58122177 - Charcuterie Pancetta Flat Fresh TRSM,113.82000000000001,2097.8921,1552.5048,2086.3572
2024-05-31,58122195,58122195 - Charcuterie Pork Pizza Pepperoni Hot Smoked Fresh TRSM,269.96999999999997,3805.5595,2772.5919,3717.1621
2024-05-31,58122213,58122213 - Charcuterie Fennel Sticks Cold Smoked Fresh TRSM,277.03,4455.8869,3321.5897,4401.6724
2024-05-31,58122225,58122225 - Charcuterie Beer Sticks Cold Smoked Fresh TRSM,91.2,1348.2599,1161.888,1516.8691
2024-05-31,58122239,58122239 - Charcuterie Lonzino Fresh TRSM,59.28,1137.3319999999999,860.1528,1150.0662
2024-05-31,58122249,58122249 - Charcuterie Beef Summer Salami Fresh TRSM,140.04999999999998,2238.0695,1679.1995,2224.9671
2024-05-31,58122256,58122256 - Charcuterie Hot Smoked Pep Fresh TRSM,136.28,1444.3541,1124.31,1471.4864
2024-05-31,58122287,58122287 - Charcuterie Beef & Bison Pepper Sticks Cold Smoked Fresh TRSM,205.60999999999999,4914.5233,3740.0459,4893.5153
2024-05-31,58122295,58122295 - Charcuterie Triple Fennel & Ale Salami Fresh TRSM,186.4,3559.3063,2654.3360000000002,3545.8211
2024-05-31,58122299,"58122299 - Charcuterie Salami, Milano Fresh TRSM (Retail Case)",191.01,3696.66,2762.24,3678.18
2024-05-31,58122301,"58122301 - Charcuterie Salami, Tuscan Fresh TRSM (Retail Case)",179.59,3457.22,2589.6,3448.56
2024-05-31,58122302,"58122302 - Charcuterie Salami, Chorizo, Cold Smoked Fresh TRSM (Retail Case)",184.02,3592.79,2675.9199999999996,3573.3199999999997
2024-05-31,58122322,58122322 - Charcuterie Fennel Salami Sticks Cold Smoked Fresh TRSM (Retail Case),120.27,2343.57,1762.0300000000002,2353.6400000000003
2024-05-31,58122323,58122323 - Charcuterie Spicy Pork Salami Sticks Cold Smoked Fresh TRSM (Retail Case),83.28,1592.79,1199.68,1594.29
2024-05-31,58122324,"58122324 - Charcuterie Beer Salami Sticks, Cold Smoked Fresh TRSM (Retail Case)",109.59,2092.5,1574.5800000000002,2096.69
2024-05-31,58122327,58122327 - Charcuterie Bison and Herb Salami SLICED Fresh TRSM (Pack),8.89,238.252,178.689,238.252
2024-05-31,58122328,58122328 - Charcuterie Elk Goteborg Salami SLICED Fresh TRSM (Pack),4.62,0.0,92.862,123.816
2024-05-31,58122331,58122331 - Charcuterie Triple Fennel & Ale Salami SLICED Fresh TRSM (Pack),6.209999999999999,132.0867,99.0495,132.0867
2024-05-31,58122333,58122333 - Charcuterie Soria Chorizo Salami SLICED Fresh TRSM (Pack),7.800000000000001,42.9654,124.41,165.906
2024-05-31,58122334,58122334 - Charcuterie Rosette Salami SLICED Fresh TRSM (Pack),2.02,42.9654,32.219,42.9654
2024-05-31,58122338,58122338 - Charcuterie Lonzino SLICED Fresh TRSM (Pack),3.8,82.783,61.94,82.574
2024-06-30,58122108,"58122108 - Charcuterie Chorizo, Cold Smoked Fresh TRSM",101.91,1654.6109,1015.2737999999999,1632.2572
2024-06-30,58122113,58122113 - Charcuterie Coppa Fresh TRSM,108.87,2199.5347,1497.8859,2196.5982
2024-06-30,58122120,"58122120 - Charcuterie Duck Prosciutto, Cold Smoked Fresh TRSM",74.01,2877.86,2182.5549,2882.9271
2024-06-30,58122135,58122135 - Charcuterie Beef Bresaola Fresh TRSM,99.09,2843.3958,1957.065,2828.0384
2024-06-30,58122137,"58122137 - Charcuterie Pepperbites, Cold Smoked Fresh TRSM",77.69,1239.1485,903.1526,1232.1429
2024-06-30,58122140,"58122140 - Charcuterie Spicy Pork Pepperoni, Cold Smoked Fresh TRSM",231.42000000000002,3699.5324,2735.5965,3682.6969
2024-06-30,58122147,58122147 - Charcuterie Elk Goteborg Salami Fresh TRSM,92.16,2105.7992,1613.0843,2233.78
2024-06-30,58122148,58122148 - Charcuterie Sour Tuscan Salami Fresh TRSM,99.71000000000001,1796.8687,1264.0147,1895.6855
2024-06-30,58122154,58122154 - Charcuterie Soria Chorizo Salami Fresh TRSM,272.85,5108.8444,3073.29,5199.7324
2024-06-30,58122159,58122159 - Charcuterie Rosette Salami Fresh TRSM,87.21,1556.1547,659.5968,1667.1664
2024-06-30,58122162,58122162 - Charcuterie Guanciale S-OFF Fresh TRSM,13.76,244.94,133.1092,254.56
2024-06-30,58122166,58122166 - Charcuterie Bison and Herb Salami Fresh TRSM,95.69,2321.3411,1690.7807,2309.3505
2024-06-30,58122177,58122177 - Charcuterie Pancetta Flat Fresh TRSM,150.78,2764.9647999999997,2056.6392,2746.0358
2024-06-30,58122195,58122195 - Charcuterie Pork Pizza Pepperoni Hot Smoked Fresh TRSM,321.8,4507.0864,2656.6058,4423.0458
2024-06-30,58122213,58122213 - Charcuterie Fennel Sticks Cold Smoked Fresh TRSM,259.4,4193.6356,3056.5944,4124.3785
2024-06-30,58122225,58122225 - Charcuterie Beer Sticks Cold Smoked Fresh TRSM,114.41,1935.1275,1069.2682,1880.1495
2024-06-30,58122239,58122239 - Charcuterie Lonzino Fresh TRSM,90.76,1763.0347,1316.9276,1758.8655
2024-06-30,58122249,58122249 - Charcuterie Beef Summer Salami Fresh TRSM,222.95,3584.5731,2377.6464,3561.4918000000002
2024-06-30,58122256,58122256 - Charcuterie Hot Smoked Pep Fresh TRSM,186.7,2030.3012,994.785,1950.2920000000001
2024-06-30,58122287,58122287 - Charcuterie Beef & Bison Pepper Sticks Cold Smoked Fresh TRSM,195.72,4700.594,3281.6722,4650.2618
2024-06-30,58122295,58122295 - Charcuterie Triple Fennel & Ale Salami Fresh TRSM,209.299,3988.3271,2558.7385600000002,3969.86821
2024-06-30,58122299,"58122299 - Charcuterie Salami, Milano Fresh TRSM (Retail Case)",134.86,2510.87,1733.3999999999999,2545.15
2024-06-30,58122301,"58122301 - Charcuterie Salami, Tuscan Fresh TRSM (Retail Case)",171.12,3240.35,2161.77,3234.95
2024-06-30,58122302,"58122302 - Charcuterie Salami, Chorizo, Cold Smoked Fresh TRSM (Retail Case)",157.46,2940.99,1935.76,2997.24
2024-06-30,58122322,58122322 - Charcuterie Fennel Salami Sticks Cold Smoked Fresh TRSM (Retail Case),211.68,3748.3700000000003,1199.68,4059.69
2024-06-30,58122323,58122323 - Charcuterie Spicy Pork Salami Sticks Cold Smoked Fresh TRSM (Retail Case),185.32,3282.42,1274.66,3501.8
2024-06-30,58122324,"58122324 - Charcuterie Beer Salami Sticks, Cold Smoked Fresh TRSM (Retail Case)",118.91,2219.64,487.37,2302.04
2024-06-30,58122327,58122327 - Charcuterie Bison and Herb Salami SLICED Fresh TRSM (Pack),10.72,287.296,201.4624,287.296
2024-06-30,58122328,58122328 - Charcuterie Elk Goteborg Salami SLICED Fresh TRSM (Pack),2.5300000000000002,67.804,46.477199999999996,67.804
2024-06-30,58122331,58122331 - Charcuterie Triple Fennel & Ale Salami SLICED Fresh TRSM (Pack),2.07,44.0289,26.4132,44.0289
2024-06-30,58122332,58122332 - Charcuterie Sour Tuscan Salami SLICED Fresh (Pack),1.99,42.785,24.8949,42.3273
2024-06-30,58122333,58122333 - Charcuterie Soria Chorizo Salami SLICED Fresh TRSM (Pack),12.99,277.3001,180.9051,276.2973
2024-06-30,58122334,58122334 - Charcuterie Rosette Salami SLICED Fresh TRSM (Pack),10.62,225.8874,113.0855,225.8874
2024-06-30,58122336,58122336 - Charcuterie Coppa SLICED Fresh TRSM (Pack),5.220000000000001,117.97200000000001,86.4574,117.97200000000001
2024-06-30,58122337,58122337 - Charcuterie Beef Bresaola SLICED Fresh TRSM (Pack),2.08,65.4368,43.888,65.4368
2024-06-30,58122338,58122338 - Charcuterie Lonzino SLICED Fresh TRSM (Pack),3.28,71.34,48.0192,71.2744
2024-07-31,58122108,"58122108 - Charcuterie Chorizo, Cold Smoked Fresh TRSM",323.19,5199.1458,3645.5832,5173.9457
2024-07-31,58122113,58122113 - Charcuterie Coppa Fresh TRSM,191.55,3921.727,2909.6445,3896.8175
2024-07-31,58122120,"58122120 - Charcuterie Duck Prosciutto, Cold Smoked Fresh TRSM",118.91,4685.1301,3506.6558999999997,4647.3025
2024-07-31,58122135,58122135 - Charcuterie Beef Bresaola Fresh TRSM,152.32999999999998,4336.3817,3061.833,4297.1436
2024-07-31,58122137,"58122137 - Charcuterie Pepperbites, Cold Smoked Fresh TRSM",141.20000000000002,2257.2839,1650.628,2250.0054
2024-07-31,58122140,"58122140 - Charcuterie Spicy Pork Pepperoni, Cold Smoked Fresh TRSM",279.37,4455.1348,3277.0101,4427.5041
2024-07-31,58122147,58122147 - Charcuterie Elk Goteborg Salami Fresh TRSM,161.77,3920.6528,2711.2652,3896.8065
2024-07-31,58122148,58122148 - Charcuterie Sour Tuscan Salami Fresh TRSM,232.37,4436.3877,2674.5787,4396.5485
2024-07-31,58122154,58122154 - Charcuterie Soria Chorizo Salami Fresh TRSM,159.36,3041.0962,1894.7904,3018.5205
2024-07-31,58122159,58122159 - Charcuterie Rosette Salami Fresh TRSM,87.17,1683.4666,904.1105,1665.1566
2024-07-31,58122162,58122162 - Charcuterie Guanciale S-OFF Fresh TRSM,15.799999999999999,283.05,0.0,292.3
2024-07-31,58122166,58122166 - Charcuterie Bison and Herb Salami Fresh TRSM,178.93,4342.575,3061.4923,4325.2017
2024-07-31,58122177,58122177 - Charcuterie Pancetta Flat Fresh TRSM,194.58,3502.3305,2654.0712,3545.1318
2024-07-31,58122195,58122195 - Charcuterie Pork Pizza Pepperoni Hot Smoked Fresh TRSM,250.24,3554.5141,2006.9248,3450.9366
2024-07-31,58122213,58122213 - Charcuterie Fennel Sticks Cold Smoked Fresh TRSM,353.98,5697.9123,4145.1058,5614.0066
2024-07-31,58122225,58122225 - Charcuterie Beer Sticks Cold Smoked Fresh TRSM,274.34,4509.1633,0.0,4471.6685
2024-07-31,58122239,58122239 - Charcuterie Lonzino Fresh TRSM,99.7,1921.4067,1446.647,1916.9564
2024-07-31,58122249,58122249 - Charcuterie Beef Summer Salami Fresh TRSM,181.21,2880.2965,1900.8929,2844.5799
2024-07-31,58122256,58122256 - Charcuterie Hot Smoked Pep Fresh TRSM,242.24,2639.1558,0.0,2476.3596
2024-07-31,58122287,58122287 - Charcuterie Beef & Bison Pepper Sticks Cold Smoked Fresh TRSM,232.2,5559.769,3564.27,5439.3537
2024-07-31,58122295,58122295 - Charcuterie Triple Fennel & Ale Salami Fresh TRSM,169.35,3231.1564,1991.556,3207.7228999999998
2024-07-31,58122299,"58122299 - Charcuterie Salami, Milano Fresh TRSM (Retail Case)",196.43,3807.72,2159.52,3808.16
2024-07-31,58122301,"58122301 - Charcuterie Salami, Tuscan Fresh TRSM (Retail Case)",197.78,3800.23,2119.2599999999998,3807.0
2024-07-31,58122302,"58122302 - Charcuterie Salami, Chorizo, Cold Smoked Fresh TRSM (Retail Case)",192.8,3630.55,2024.82,3613.3199999999997
2024-07-31,58122322,58122322 - Charcuterie Fennel Salami Sticks Cold Smoked Fresh TRSM (Retail Case),84.22,1450.71,819.0,1605.18
2024-07-31,58122323,58122323 - Charcuterie Spicy Pork Salami Sticks Cold Smoked Fresh TRSM (Retail Case),96.16,1599.68,906.75,1703.66
2024-07-31,58122324,"58122324 - Charcuterie Beer Salami Sticks, Cold Smoked Fresh TRSM (Retail Case)",109.3,2087.58,1023.75,2206.06
2024-07-31,58122327,58122327 - Charcuterie Bison and Herb Salami SLICED Fresh TRSM (Pack),1.75,47.6875,31.6925,47.3725
2024-07-31,58122328,58122328 - Charcuterie Elk Goteborg Salami SLICED Fresh TRSM (Pack),12.99,200.464,230.7024,348.132
2024-07-31,58122331,58122331 - Charcuterie Triple Fennel & Ale Salami SLICED Fresh TRSM (Pack),8.14,173.13780000000003,103.8664,173.13780000000003
2024-07-31,58122332,58122332 - Charcuterie Sour Tuscan Salami SLICED Fresh (Pack),3.99,85.785,49.9149,85.2873
2024-07-31,58122333,58122333 - Charcuterie Soria Chorizo Salami SLICED Fresh TRSM (Pack),3.91,83.6096,50.3999,83.1657
2024-07-31,58122334,58122334 - Charcuterie Rosette Salami SLICED Fresh TRSM (Pack),13.719999999999999,151.0033,171.6372,292.20029999999997
2024-07-31,58122335,58122335 - Charcuterie Beef Summer Salami SLICED Fresh TRSM (Pack),2.86,51.8232,32.8614,51.8232
2024-07-31,58122336,58122336 - Charcuterie Coppa SLICED Fresh TRSM (Pack),8.879999999999999,201.4475,143.7672,201.1871
2024-07-31,58122337,58122337 - Charcuterie Beef Bresaola SLICED Fresh TRSM (Pack),4.235,132.88875000000002,89.35849999999999,132.59605
2024-07-31,58122338,58122338 - Charcuterie Lonzino SLICED Fresh TRSM (Pack),8.850000000000001,192.4875,129.56400000000002,192.3105
2024-08-31,58122108,"58122108 - Charcuterie Chorizo, Cold Smoked Fresh TRSM",62.260000000000005,1026.3822,702.2928,1001.699
2024-08-31,58122113,58122113 - Charcuterie Coppa Fresh TRSM,125.37,2536.8469999999998,1904.3703,2526.3235
2024-08-31,58122120,"58122120 - Charcuterie Duck Prosciutto, Cold Smoked Fresh TRSM",46.1,1791.0906,1359.489,1788.3294
2024-08-31,58122135,58122135 - Charcuterie Beef Bresaola Fresh TRSM,97.48,2754.7084,1959.348,2733.938
2024-08-31,58122137,"58122137 - Charcuterie Pepperbites, Cold Smoked Fresh TRSM",74.59,1191.4279000000001,871.9571,1188.4542000000001
2024-08-31,58122140,"58122140 - Charcuterie Spicy Pork Pepperoni, Cold Smoked Fresh TRSM",202.47,3238.9584,2374.9731,3220.2769
2024-08-31,58122147,58122147 - Charcuterie Elk Goteborg Salami Fresh TRSM,113.67,2759.6819,1905.1092,2740.2887
2024-08-31,58122148,58122148 - Charcuterie Sour Tuscan Salami Fresh TRSM,129.32,2454.1076,1488.4732,2421.7437999999997
2024-08-31,58122154,58122154 - Charcuterie Soria Chorizo Salami Fresh TRSM,275.86,5198.8271,3279.9754,5235.3142
2024-08-31,58122159,58122159 - Charcuterie Rosette Salami Fresh TRSM,75.67,1471.8065000000001,870.9617000000001,1448.0817
2024-08-31,58122162,58122162 - Charcuterie Guanciale S-OFF Fresh TRSM,10.95,203.053,0.0,203.0291
2024-08-31,58122166,58122166 - Charcuterie Bison and Herb Salami Fresh TRSM,170.37,4129.5539,2915.0307,4107.6057
2024-08-31,58122177,58122177 - Charcuterie Pancetta Flat Fresh TRSM,146.09,2673.196,1992.6676,2665.3359
2024-08-31,58122195,58122195 - Charcuterie Pork Pizza Pepperoni Hot Smoked Fresh TRSM,289.74,4074.2623999999996,2323.7148,3974.9782
2024-08-31,58122213,58122213 - Charcuterie Fennel Sticks Cold Smoked Fresh TRSM,220.4,3549.6753,2580.884,3481.9412
2024-08-31,58122225,58122225 - Charcuterie Beer Sticks Cold Smoked Fresh TRSM,70.19,1210.9876,0.0,1056.7292
2024-08-31,58122239,58122239 - Charcuterie Lonzino Fresh TRSM,129.35,2518.913,1876.8685,2503.1819
2024-08-31,58122249,58122249 - Charcuterie Beef Summer Salami Fresh TRSM,193.76999999999998,3093.8714,2032.6473,3078.2192
2024-08-31,58122256,58122256 - Charcuterie Hot Smoked Pep Fresh TRSM,108.87,1199.5976,0.0,1103.9391
2024-08-31,58122287,58122287 - Charcuterie Beef & Bison Pepper Sticks Cold Smoked Fresh TRSM,219.07,5247.0658,3362.7245,5189.7007
2024-08-31,58122295,58122295 - Charcuterie Triple Fennel & Ale Salami Fresh TRSM,246.86,4716.2518,2903.0736,4682.6235
2024-08-31,58122299,"58122299 - Charcuterie Salami, Milano Fresh TRSM (Retail Case)",173.35,3430.31,1963.1999999999998,3418.64
2024-08-31,58122301,"58122301 - Charcuterie Salami, Tuscan Fresh TRSM (Retail Case)",217.87,4092.74,2279.81,4092.43
2024-08-31,58122302,"58122302 - Charcuterie Salami, Chorizo, Cold Smoked Fresh TRSM (Retail Case)",211.5,3950.52,2217.66,3959.7799999999997
2024-08-31,58122322,58122322 - Charcuterie Fennel Salami Sticks Cold Smoked Fresh TRSM (Retail Case),155.62,2899.6600000000003,1696.5,2914.92
2024-08-31,58122323,58122323 - Charcuterie Spicy Pork Salami Sticks Cold Smoked Fresh TRSM (Retail Case),117.25,2049.59,1199.25,2055.09
2024-08-31,58122324,"58122324 - Charcuterie Beer Salami Sticks, Cold Smoked Fresh TRSM (Retail Case)",108.84,1999.6000000000001,1170.0,2004.6000000000001
2024-08-31,58122327,58122327 - Charcuterie Bison and Herb Salami SLICED Fresh TRSM (Pack),7.75,207.7,140.3525,207.7
2024-08-31,58122331,58122331 - Charcuterie Triple Fennel & Ale Salami SLICED Fresh TRSM (Pack),3.55,75.5085,45.298,75.5085
2024-08-31,58122332,58122332 - Charcuterie Sour Tuscan Salami SLICED Fresh (Pack),6.0,128.0777,75.06,127.62
2024-08-31,58122333,58122333 - Charcuterie Soria Chorizo Salami SLICED Fresh TRSM (Pack),16.88,362.4761,217.5832,361.02
2024-08-31,58122334,58122334 - Charcuterie Rosette Salami SLICED Fresh TRSM (Pack),1.75,37.2225,21.8925,37.2225
2024-08-31,58122335,58122335 - Charcuterie Beef Summer Salami SLICED Fresh TRSM (Pack),11.2,204.96,128.688,202.944
2024-08-31,58122336,58122336 - Charcuterie Coppa SLICED Fresh TRSM (Pack),19.939999999999998,451.173,322.8286,451.173
2024-08-31,58122337,58122337 - Charcuterie Beef Bresaola SLICED Fresh TRSM (Pack),1.76,54.824,37.136,54.824
2024-08-31,58122339,58122339 - Charcuterie Elk Goteborg Salami SLICED Fresh TRSM (Retail Case),34.0,1242.6399999999999,647.2199999999999,1211.3200000000002
2024-08-31,58122340,58122340 - Charcuterie Bison and Herb Salami SLICED Fresh TRSM (Retail Case),41.050000000000004,1681.6,892.43,1643.3200000000002
2024-08-31,58122341,58122341 - Charcuterie Sour Tuscan Salami SLICED Fresh TRSM (Retail Case),34.93,1082.64,526.8,1081.44
2024-08-31,58122342,58122342 - Charcuterie Rosette Salami SLICED Fresh TRSM (Retail Case),10.36,360.0,175.6,360.0
2024-08-31,58122343,58122343 - Charcuterie Soria Chorizo Salami SLICED Fresh TRSM (Retail Case),12.39,360.0,179.60000000000002,360.0
2024-08-31,58122344,58122344 - Charcuterie Triple Fennel & Ale Salami SLICED Fresh TRSM (Retail Case),12.37,361.2,178.25,360.0
2024-09-30,58122108,"58122108 - Charcuterie Chorizo, Cold Smoked Fresh TRSM",74.22,1212.0247,837.2016,1191.5362
2024-09-30,58122113,58122113 - Charcuterie Coppa Fresh TRSM,181.03,3673.6713,2749.8457,3668.5428
2024-09-30,58122120,"58122120 - Charcuterie Duck Prosciutto, Cold Smoked Fresh TRSM",48.660000000000004,1876.2197,1434.9834,1872.2313000000001
2024-09-30,58122135,58122135 - Charcuterie Beef Bresaola Fresh TRSM,68.26,1935.9175,1372.026,1915.884
2024-09-30,58122137,"58122137 - Charcuterie Pepperbites, Cold Smoked Fresh TRSM",140.04,2239.6743,1637.0676,2234.9844
2024-09-30,58122140,"58122140 - Charcuterie Spicy Pork Pepperoni, Cold Smoked Fresh TRSM",188.41,3013.576,2210.0493,2999.6093
2024-09-30,58122147,58122147 - Charcuterie Elk Goteborg Salami Fresh TRSM,88.8,2151.0989,1488.288,2134.3152
2024-09-30,58122148,58122148 - Charcuterie Sour Tuscan Salami Fresh TRSM,85.69,1654.0071,986.2919,1636.8804
2024-09-30,58122154,58122154 - Charcuterie Soria Chorizo Salami Fresh TRSM,208.97,3987.244,2484.6533,3954.0483
2024-09-30,58122159,58122159 - Charcuterie Rosette Salami Fresh TRSM,55.04,1055.4013,633.5104,1031.2886
2024-09-30,58122162,58122162 - Charcuterie Guanciale S-OFF Fresh TRSM,36.94,686.03,0.0,685.3565
2024-09-30,58122166,58122166 - Charcuterie Bison and Herb Salami Fresh TRSM,165.68,4017.7145,2834.7848,4005.9311000000002
2024-09-30,58122177,58122177 - Charcuterie Pancetta Flat Fresh TRSM,60.06,1108.6145,819.2184,1100.0136
2024-09-30,58122195,58122195 - Charcuterie Pork Pizza Pepperoni Hot Smoked Fresh TRSM,168.21,2382.5625,1349.0442,2310.3885
2024-09-30,58122213,58122213 - Charcuterie Fennel Sticks Cold Smoked Fresh TRSM,207.94,3377.3433,2434.9774,3304.9966
2024-09-30,58122225,58122225 - Charcuterie Beer Sticks Cold Smoked Fresh TRSM,63.6,1099.2942,0.0,940.9897
2024-09-30,58122239,58122239 - Charcuterie Lonzino Fresh TRSM,88.31,1721.8777,1281.3781,1710.2657
2024-09-30,58122249,58122249 - Charcuterie Beef Summer Salami Fresh TRSM,131.26999999999998,2101.6883,1377.0223,2082.6807
2024-09-30,58122256,58122256 - Charcuterie Hot Smoked Pep Fresh TRSM,135.48000000000002,1465.3843,0.0,1392.3448
2024-09-30,58122287,58122287 - Charcuterie Beef & Bison Pepper Sticks Cold Smoked Fresh TRSM,205.79999999999998,4971.5138,3159.03,4902.6015
2024-09-30,58122295,58122295 - Charcuterie Triple Fennel & Ale Salami Fresh TRSM,176.27,3368.1743,2072.9352,3347.3505999999998
2024-09-30,58122299,"58122299 - Charcuterie Salami, Milano Fresh TRSM (Retail Case)",128.81,2583.23,1472.3999999999999,2530.96
2024-09-30,58122301,"58122301 - Charcuterie Salami, Tuscan Fresh TRSM (Retail Case)",151.57,2883.81,1605.5,2838.2799999999997
2024-09-30,58122302,"58122302 - Charcuterie Salami, Chorizo, Cold Smoked Fresh TRSM (Retail Case)",145.61,2610.2799999999997,1446.3,2571.04
2024-09-30,58122322,58122322 - Charcuterie Fennel Salami Sticks Cold Smoked Fresh TRSM (Retail Case),86.72,1585.21,965.25,1620.67
2024-09-30,58122323,58122323 - Charcuterie Spicy Pork Salami Sticks Cold Smoked Fresh TRSM (Retail Case),93.69,1625.39,994.5,1669.66
2024-09-30,58122324,"58122324 - Charcuterie Beer Salami Sticks, Cold Smoked Fresh TRSM (Retail Case)",79.82,1435.43,877.5,1470.2
2024-09-30,58122327,58122327 - Charcuterie Bison and Herb Salami SLICED Fresh TRSM (Pack),3.7199999999999998,99.696,67.3692,99.696
2024-09-30,58122328,58122328 - Charcuterie Elk Goteborg Salami SLICED Fresh TRSM (Pack),3.67,98.356,65.17920000000001,98.356
2024-09-30,58122331,58122331 - Charcuterie Triple Fennel & Ale Salami SLICED Fresh TRSM (Pack),5.83,124.00410000000001,74.3908,124.00410000000001
2024-09-30,58122332,58122332 - Charcuterie Sour Tuscan Salami SLICED Fresh (Pack),5.88,125.0676,73.5588,125.0676
2024-09-30,58122333,58122333 - Charcuterie Soria Chorizo Salami SLICED Fresh TRSM (Pack),20.86,444.18670000000003,268.8854,443.6922
2024-09-30,58122334,58122334 - Charcuterie Rosette Salami SLICED Fresh TRSM (Pack),1.77,37.6479,22.1427,37.6479
2024-09-30,58122335,58122335 - Charcuterie Beef Summer Salami SLICED Fresh TRSM (Pack),2.1,38.052,24.129,38.052
2024-09-30,58122336,58122336 - Charcuterie Coppa SLICED Fresh TRSM (Pack),8.743,197.5918,141.54917,197.5918
2024-09-30,58122338,58122338 - Charcuterie Lonzino SLICED Fresh TRSM (Pack),4.84,105.20859999999999,70.85759999999999,105.1732
2024-09-30,58122339,58122339 - Charcuterie Elk Goteborg Salami SLICED Fresh TRSM (Retail Case),16.45,666.35,369.84,659.0500000000001
2024-09-30,58122340,58122340 - Charcuterie Bison and Herb Salami SLICED Fresh TRSM (Retail Case),40.839999999999996,1632.72,892.43,1611.16
2024-09-30,58122341,58122341 - Charcuterie Sour Tuscan Salami SLICED Fresh TRSM (Retail Case),24.7,907.03,456.55999999999995,905.35
2024-09-30,58122342,58122342 - Charcuterie Rosette Salami SLICED Fresh TRSM (Retail Case),7.220000000000001,399.90999999999997,210.71999999999997,399.90999999999997
2024-09-30,58122343,58122343 - Charcuterie Soria Chorizo Salami SLICED Fresh TRSM (Retail Case),17.8,472.82,251.44,472.82
2024-09-30,58122344,58122344 - Charcuterie Triple Fennel & Ale Salami SLICED Fresh TRSM (Retail Case),24.599999999999998,762.91,392.15,761.95
2024-10-31,58122108,"58122108 - Charcuterie Chorizo, Cold Smoked Fresh TRSM",61.76,1002.2704,696.6528000000001,991.7872
2024-10-31,58122113,58122113 - Charcuterie Coppa Fresh TRSM,197.86,3978.2796,3005.4934,4007.8065
2024-10-31,58122120,"58122120 - Charcuterie Duck Prosciutto, Cold Smoked Fresh TRSM",35.16,1390.2591,1036.8684,1387.7601
2024-10-31,58122135,58122135 - Charcuterie Beef Bresaola Fresh TRSM,120.8,3425.8133,2428.08,3391.2504
2024-10-31,58122137,"58122137 - Charcuterie Pepperbites, Cold Smoked Fresh TRSM",65.38,1040.0464,764.2922,1037.0823
2024-10-31,58122140,"58122140 - Charcuterie Spicy Pork Pepperoni, Cold Smoked Fresh TRSM",164.04,2631.3244,1924.1892,2614.6554
2024-10-31,58122147,58122147 - Charcuterie Elk Goteborg Salami Fresh TRSM,84.60000000000001,1943.5564,1417.896,2038.3308
2024-10-31,58122148,58122148 - Charcuterie Sour Tuscan Salami Fresh TRSM,149.05,2840.0325,1715.5655,2809.6366
2024-10-31,58122154,58122154 - Charcuterie Soria Chorizo Salami Fresh TRSM,139.79,2623.5765,1662.1031,2643.5416
2024-10-31,58122159,58122159 - Charcuterie Rosette Salami Fresh TRSM,50.09,955.985,576.5359,933.7205
2024-10-31,58122162,58122162 - Charcuterie Guanciale S-OFF Fresh TRSM,6.59,121.91499999999999,0.0,121.91499999999999
2024-10-31,58122166,58122166 - Charcuterie Bison and Herb Salami Fresh TRSM,185.51,4312.741,3174.0761,4471.1523
2024-10-31,58122177,58122177 - Charcuterie Pancetta Flat Fresh TRSM,238.46,4373.9777,3252.5944,4347.661
2024-10-31,58122195,58122195 - Charcuterie Pork Pizza Pepperoni Hot Smoked Fresh TRSM,162.87,2312.4187,1306.2174,2236.4343
2024-10-31,58122213,58122213 - Charcuterie Fennel Sticks Cold Smoked Fresh TRSM,233.15,3758.6131,2730.1865,3695.8113
2024-10-31,58122225,58122225 - Charcuterie Beer Sticks Cold Smoked Fresh TRSM,63.18,1061.7459000000001,0.0,929.6405
2024-10-31,58122239,58122239 - Charcuterie Lonzino Fresh TRSM,41.7,800.0435,605.067,811.2783
2024-10-31,58122249,58122249 - Charcuterie Beef Summer Salami Fresh TRSM,160.97,2543.0311,1688.5753,2562.6266
2024-10-31,58122256,58122256 - Charcuterie Hot Smoked Pep Fresh TRSM,124.96000000000001,1336.5508,0.0,1048.2065
2024-10-31,58122287,58122287 - Charcuterie Beef & Bison Pepper Sticks Cold Smoked Fresh TRSM,186.31,4490.7917,2859.8585,4414.315
2024-10-31,58122295,58122295 - Charcuterie Triple Fennel & Ale Salami Fresh TRSM,179.07999999999998,3405.3088000000002,2105.9808,3394.6728000000003
2024-10-31,58122299,"58122299 - Charcuterie Salami, Milano Fresh TRSM (Retail Case)",241.81,4400.87,2552.16,4453.38
2024-10-31,58122301,"58122301 - Charcuterie Salami, Tuscan Fresh TRSM (Retail Case)",232.12,4227.15,2408.25,4300.41
2024-10-31,58122302,"58122302 - Charcuterie Salami, Chorizo, Cold Smoked Fresh TRSM (Retail Case)",259.03,4540.59,2603.34,4646.9
2024-10-31,58122322,58122322 - Charcuterie Fennel Salami Sticks Cold Smoked Fresh TRSM (Retail Case),65.56,1250.25,731.25,1251.75
2024-10-31,58122323,58122323 - Charcuterie Spicy Pork Salami Sticks Cold Smoked Fresh TRSM (Retail Case),70.41,1400.72,819.0,1402.72
2024-10-31,58122324,"58122324 - Charcuterie Beer Salami Sticks, Cold Smoked Fresh TRSM (Retail Case)",74.82,1420.21,848.25,1452.21
2024-10-31,58122327,58122327 - Charcuterie Bison and Herb Salami SLICED Fresh TRSM (Pack),9.53,255.404,172.5883,255.404
2024-10-31,58122328,58122328 - Charcuterie Elk Goteborg Salami SLICED Fresh TRSM (Pack),1.35,36.18,23.976,36.18
2024-10-31,58122331,58122331 - Charcuterie Triple Fennel & Ale Salami SLICED Fresh TRSM (Pack),11.76,250.1352,150.0576,250.1352
2024-10-31,58122332,58122332 - Charcuterie Sour Tuscan Salami SLICED Fresh (Pack),1.93,41.0511,24.1443,41.0511
2024-10-31,58122333,58122333 - Charcuterie Soria Chorizo Salami SLICED Fresh TRSM (Pack),5.35,114.55349999999999,68.9615,113.7945
2024-10-31,58122334,58122334 - Charcuterie Rosette Salami SLICED Fresh TRSM (Pack),1.87,39.7749,23.3937,39.7749
2024-10-31,58122335,58122335 - Charcuterie Beef Summer Salami SLICED Fresh TRSM (Pack),8.149999999999999,147.678,93.64349999999999,147.678
2024-10-31,58122336,58122336 - Charcuterie Coppa SLICED Fresh TRSM (Pack),4.76,107.576,77.0644,107.576
2024-10-31,58122339,58122339 - Charcuterie Elk Goteborg Salami SLICED Fresh TRSM (Retail Case),24.27,1134.09,647.2199999999999,1176.5900000000001
2024-10-31,58122340,58122340 - Charcuterie Bison and Herb Salami SLICED Fresh TRSM (Retail Case),78.15,2171.34,1221.22,2215.96
2024-10-31,58122341,58122341 - Charcuterie Sour Tuscan Salami SLICED Fresh TRSM (Retail Case),23.36,729.4300000000001,386.32,760.63
2024-10-31,58122342,58122342 - Charcuterie Rosette Salami SLICED Fresh TRSM (Retail Case),16.15,543.91,280.96,543.91
2024-10-31,58122343,58122343 - Charcuterie Soria Chorizo Salami SLICED Fresh TRSM (Retail Case),16.45,544.82,287.36,544.82
2024-10-31,58122344,58122344 - Charcuterie Triple Fennel & Ale Salami SLICED Fresh TRSM (Retail Case),25.43,833.71,427.8,833.23
2024-11-30,58122108,"58122108 - Charcuterie Chorizo, Cold Smoked Fresh TRSM",100.00999999999999,1614.8933,1128.1128,1593.8269
2024-11-30,58122113,58122113 - Charcuterie Coppa Fresh TRSM,180.41,3660.542,2740.4279,3659.6665000000003
2024-11-30,58122120,"58122120 - Charcuterie Duck Prosciutto, Cold Smoked Fresh TRSM",84.01,3281.0025,2477.4549,3277.6387
2024-11-30,58122135,58122135 - Charcuterie Beef Bresaola Fresh TRSM,112.86,3194.4175999999998,2268.486,3168.2019999999998
2024-11-30,58122137,"58122137 - Charcuterie Pepperbites, Cold Smoked Fresh TRSM",63.199999999999996,1002.2881,738.808,997.0575
2024-11-30,58122140,"58122140 - Charcuterie Spicy Pork Pepperoni, Cold Smoked Fresh TRSM",154.91,2473.8597,1817.0943,2457.4953
2024-11-30,58122147,58122147 - Charcuterie Elk Goteborg Salami Fresh TRSM,64.63,1570.6606,1083.1988000000001,1561.2253
2024-11-30,58122148,58122148 - Charcuterie Sour Tuscan Salami Fresh TRSM,68.54,1292.1325,788.8954,1289.3232
2024-11-30,58122154,58122154 - Charcuterie Soria Chorizo Salami Fresh TRSM,108.49000000000001,2056.1819,1289.9461000000001,2049.8327
2024-11-30,58122159,58122159 - Charcuterie Rosette Salami Fresh TRSM,52.33,1004.2371,602.3183,979.4599
2024-11-30,58122162,58122162 - Charcuterie Guanciale S-OFF Fresh TRSM,22.35,397.505,0.0,414.919
2024-11-30,58122166,58122166 - Charcuterie Bison and Herb Salami Fresh TRSM,124.1,3008.2541,2123.351,2996.6272
2024-11-30,58122177,58122177 - Charcuterie Pancetta Flat Fresh TRSM,118.91,2114.9311,1621.9324000000001,2164.9508
2024-11-30,58122195,58122195 - Charcuterie Pork Pizza Pepperoni Hot Smoked Fresh TRSM,137.21,1943.9839,1100.4242,1881.9285
2024-11-30,58122213,58122213 - Charcuterie Fennel Sticks Cold Smoked Fresh TRSM,199.8,3217.0715,2339.658,3163.0201
2024-11-30,58122225,58122225 - Charcuterie Beer Sticks Cold Smoked Fresh TRSM,51.79,863.0086,0.0,730.5624
2024-11-30,58122239,58122239 - Charcuterie Lonzino Fresh TRSM,35.65,683.5553,517.2815,680.1893
2024-11-30,58122249,58122249 - Charcuterie Beef Summer Salami Fresh TRSM,113.66,1810.1966,1192.2934,1789.0637000000002
2024-11-30,58122256,58122256 - Charcuterie Hot Smoked Pep Fresh TRSM,166.63,1820.4022,0.0,1765.4624999999999
2024-11-30,58122287,58122287 - Charcuterie Beef & Bison Pepper Sticks Cold Smoked Fresh TRSM,167.77,4028.7048,2575.2695,3939.4705
2024-11-30,58122295,58122295 - Charcuterie Triple Fennel & Ale Salami Fresh TRSM,166.56,3175.4444,1958.7456,3161.3458
2024-11-30,58122299,"58122299 - Charcuterie Salami, Milano Fresh TRSM (Retail Case)",189.09,3345.5499999999997,1930.48,3361.0899999999997
2024-11-30,58122301,"58122301 - Charcuterie Salami, Tuscan Fresh TRSM (Retail Case)",171.85,3172.49,1798.1599999999999,3207.54
2024-11-30,58122302,"58122302 - Charcuterie Salami, Chorizo, Cold Smoked Fresh TRSM (Retail Case)",157.42,2778.0299999999997,1574.8600000000001,2804.14
2024-11-30,58122322,58122322 - Charcuterie Fennel Salami Sticks Cold Smoked Fresh TRSM (Retail Case),80.74,1542.8,906.75,1534.94
2024-11-30,58122323,58122323 - Charcuterie Spicy Pork Salami Sticks Cold Smoked Fresh TRSM (Retail Case),97.03999999999999,1893.73,1111.5,1886.3700000000001
2024-11-30,58122324,"58122324 - Charcuterie Beer Salami Sticks, Cold Smoked Fresh TRSM (Retail Case)",99.17999999999999,1921.22,1140.75,1936.8600000000001
2024-11-30,58122327,58122327 - Charcuterie Bison and Herb Salami SLICED Fresh TRSM (Pack),6.42,172.056,116.2662,172.056
2024-11-30,58122328,58122328 - Charcuterie Elk Goteborg Salami SLICED Fresh TRSM (Pack),10.81,289.70799999999997,191.9856,289.70799999999997
2024-11-30,58122331,58122331 - Charcuterie Triple Fennel & Ale Salami SLICED Fresh TRSM (Pack),16.17,343.93589999999995,206.32920000000001,343.93589999999995
2024-11-30,58122333,58122333 - Charcuterie Soria Chorizo Salami SLICED Fresh TRSM (Pack),1.36,27.2816,17.5304,27.2816
2024-11-30,58122334,58122334 - Charcuterie Rosette Salami SLICED Fresh TRSM (Pack),1.85,37.111,23.1435,37.111
2024-11-30,58122335,58122335 - Charcuterie Beef Summer Salami SLICED Fresh TRSM (Pack),6.1,110.532,70.089,110.532
2024-11-30,58122336,58122336 - Charcuterie Coppa SLICED Fresh TRSM (Pack),11.14,251.764,180.35660000000001,251.764
2024-11-30,58122339,58122339 - Charcuterie Elk Goteborg Salami SLICED Fresh TRSM (Retail Case),40.09,1366.37,739.68,1348.53
2024-11-30,58122340,58122340 - Charcuterie Bison and Herb Salami SLICED Fresh TRSM (Retail Case),52.839999999999996,1884.2,1033.34,1869.5
2024-11-30,58122341,58122341 - Charcuterie Sour Tuscan Salami SLICED Fresh TRSM (Retail Case),37.55,955.51,491.67999999999995,976.63
2024-11-30,58122342,58122342 - Charcuterie Rosette Salami SLICED Fresh TRSM (Retail Case),22.330000000000002,615.91,316.08,615.91
2024-11-30,58122343,58122343 - Charcuterie Soria Chorizo Salami SLICED Fresh TRSM (Retail Case),18.259999999999998,472.82,251.44,472.82
2024-11-30,58122344,58122344 - Charcuterie Triple Fennel & Ale Salami SLICED Fresh TRSM (Retail Case),42.08,1196.11,606.05,1193.95
2024-12-31,58122108,"58122108 - Charcuterie Chorizo, Cold Smoked Fresh TRSM",61.43,995.3141,692.9304000000001,983.863
2024-12-31,58122113,58122113 - Charcuterie Coppa Fresh TRSM,259.49,5193.942,3941.6531,5236.5155
2024-12-31,58122120,"58122120 - Charcuterie Duck Prosciutto, Cold Smoked Fresh TRSM",129.44,5010.9,3817.1856000000002,5032.9297
2024-12-31,58122135,58122135 - Charcuterie Beef Bresaola Fresh TRSM,168.67000000000002,4787.6977,3390.267,4740.1818
2024-12-31,58122137,"58122137 - Charcuterie Pepperbites, Cold Smoked Fresh TRSM",104.45,1653.0474,1221.0205,1648.7223
2024-12-31,58122140,"58122140 - Charcuterie Spicy Pork Pepperoni, Cold Smoked Fresh TRSM",272.47,4357.2756,3196.0731,4339.4813
2024-12-31,58122147,58122147 - Charcuterie Elk Goteborg Salami Fresh TRSM,193.19,4629.7894,3237.8644,4617.2871
2024-12-31,58122148,58122148 - Charcuterie Sour Tuscan Salami Fresh TRSM,158.06,2983.7419,1819.2706,2962.9957
2024-12-31,58122154,58122154 - Charcuterie Soria Chorizo Salami Fresh TRSM,218.71,4160.5197,2600.4619,4148.079
2024-12-31,58122159,58122159 - Charcuterie Rosette Salami Fresh TRSM,80.49,1501.9693,926.4399,1499.2160999999999
2024-12-31,58122162,58122162 - Charcuterie Guanciale S-OFF Fresh TRSM,20.45,378.45,0.0,378.41999999999996
2024-12-31,58122166,58122166 - Charcuterie Bison and Herb Salami Fresh TRSM,169.94,4065.0418,2907.6734,4063.8779
2024-12-31,58122177,58122177 - Charcuterie Pancetta Flat Fresh TRSM,242.91,4409.8715,3313.2924,4398.1533
2024-12-31,58122195,58122195 - Charcuterie Pork Pizza Pepperoni Hot Smoked Fresh TRSM,156.45,2221.1762,1254.729,2122.6905
2024-12-31,58122213,58122213 - Charcuterie Fennel Sticks Cold Smoked Fresh TRSM,283.21,4577.9832,3316.3891,4502.6565
2024-12-31,58122225,58122225 - Charcuterie Beer Sticks Cold Smoked Fresh TRSM,85.49000000000001,1468.0051,0.0,1283.5352
2024-12-31,58122239,58122239 - Charcuterie Lonzino Fresh TRSM,77.42,1476.1425,1123.3642,1486.7745
2024-12-31,58122249,58122249 - Charcuterie Beef Summer Salami Fresh TRSM,209.58,3358.2664999999997,2198.4942,3336.9176
2024-12-31,58122256,58122256 - Charcuterie Hot Smoked Pep Fresh TRSM,176.99,1942.5055,0.0,1825.6952999999999
2024-12-31,58122287,58122287 - Charcuterie Beef & Bison Pepper Sticks Cold Smoked Fresh TRSM,220.32,5263.0786,3381.912,5176.4016
2024-12-31,58122295,58122295 - Charcuterie Triple Fennel & Ale Salami Fresh TRSM,232.73,4429.0314,2736.9048000000003,4388.2225
2024-12-31,58122299,"58122299 - Charcuterie Salami, Milano Fresh TRSM (Retail Case)",300.95,5513.11,3173.8399999999997,5567.99
2024-12-31,58122301,"58122301 - Charcuterie Salami, Tuscan Fresh TRSM (Retail Case)",270.36,5013.11,2825.68,5007.599999999999
2024-12-31,58122302,"58122302 - Charcuterie Salami, Chorizo, Cold Smoked Fresh TRSM (Retail Case)",264.75,4894.4,2731.9,4857.8099999999995
2024-12-31,58122322,58122322 - Charcuterie Fennel Salami Sticks Cold Smoked Fresh TRSM (Retail Case),101.89999999999999,1880.0600000000002,1140.75,1905.3600000000001
2024-12-31,58122323,58122323 - Charcuterie Spicy Pork Salami Sticks Cold Smoked Fresh TRSM (Retail Case),96.46,1810.21,1082.25,1805.38
2024-12-31,58122324,"58122324 - Charcuterie Beer Salami Sticks, Cold Smoked Fresh TRSM (Retail Case)",110.61,1952.79,1199.25,1990.0900000000001
2024-12-31,58122327,58122327 - Charcuterie Bison and Herb Salami SLICED Fresh TRSM (Pack),40.61,1088.348,735.4471,1088.348
2024-12-31,58122328,58122328 - Charcuterie Elk Goteborg Salami SLICED Fresh TRSM (Pack),24.11,646.148,428.1936,646.148
2024-12-31,58122331,58122331 - Charcuterie Triple Fennel & Ale Salami SLICED Fresh TRSM (Pack),21.740000000000002,462.4098,277.4024,462.4098
2024-12-31,58122333,58122333 - Charcuterie Soria Chorizo Salami SLICED Fresh TRSM (Pack),14.37,305.6499,185.2293,305.6499
2024-12-31,58122334,58122334 - Charcuterie Rosette Salami SLICED Fresh TRSM (Pack),3.74,79.5498,46.7874,79.5498
2024-12-31,58122335,58122335 - Charcuterie Beef Summer Salami SLICED Fresh TRSM (Pack),23.38,425.8268,268.63620000000003,423.6456
2024-12-31,58122336,58122336 - Charcuterie Coppa SLICED Fresh TRSM (Pack),19.4,438.44,314.086,438.44
2024-12-31,58122337,58122337 - Charcuterie Beef Bresaola SLICED Fresh TRSM (Pack),9.75,303.7125,205.725,303.7125
2024-12-31,58122339,58122339 - Charcuterie Elk Goteborg Salami SLICED Fresh TRSM (Retail Case),73.44,2063.7200000000003,1294.44,2283.7200000000003
2024-12-31,58122340,58122340 - Charcuterie Bison and Herb Salami SLICED Fresh TRSM (Retail Case),124.91,3663.98,2254.56,4020.28
2024-12-31,58122341,58122341 - Charcuterie Sour Tuscan Salami SLICED Fresh TRSM (Retail Case),75.97,1859.73,1088.7199999999998,2138.61
2024-12-31,58122342,58122342 - Charcuterie Rosette Salami SLICED Fresh TRSM (Retail Case),52.190000000000005,1185.33,667.28,1274.6100000000001
2024-12-31,58122343,58122343 - Charcuterie Soria Chorizo Salami SLICED Fresh TRSM (Retail Case),35.2,766.86,466.96000000000004,842.46
2024-12-31,58122344,58122344 - Charcuterie Triple Fennel & Ale Salami SLICED Fresh TRSM (Retail Case),56.95,1631.93,891.25,1705.76
2024-12-31,58122345,58122345 - Charcuterie Classic Coppa Fresh TRSM,31.95,605.3824999999999,485.3205,642.1925
2025-01-31,58122108,"58122108 - Charcuterie Chorizo, Cold Smoked Fresh TRSM",38.19,621.31,430.7832,613.9445000000001
2025-01-31,58122113,58122113 - Charcuterie Coppa Fresh TRSM,108.65,2209.2328,1650.3935,2199.1983
2025-01-31,58122120,"58122120 - Charcuterie Duck Prosciutto, Cold Smoked Fresh TRSM",85.61,3367.6947,2524.6389,3356.9968
2025-01-31,58122135,58122135 - Charcuterie Beef Bresaola Fresh TRSM,36.68,1033.4165,737.268,1024.754
2025-01-31,58122137,"58122137 - Charcuterie Pepperbites, Cold Smoked Fresh TRSM",82.87,1323.4841999999999,968.7503,1317.0055
2025-01-31,58122140,"58122140 - Charcuterie Spicy Pork Pepperoni, Cold Smoked Fresh TRSM",243.97,3911.1075,2861.7681000000002,3888.5755
2025-01-31,58122147,58122147 - Charcuterie Elk Goteborg Salami Fresh TRSM,107.66,2651.1464,1804.3816,2614.1006
2025-01-31,58122148,58122148 - Charcuterie Sour Tuscan Salami Fresh TRSM,46.980000000000004,895.1865,540.7398,893.2446
2025-01-31,58122154,58122154 - Charcuterie Soria Chorizo Salami Fresh TRSM,130.62,2473.8424,1553.0718,2462.8068
2025-01-31,58122159,58122159 - Charcuterie Rosette Salami Fresh TRSM,41.230000000000004,804.1565,474.5573,790.1549
2025-01-31,58122162,58122162 - Charcuterie Guanciale S-OFF Fresh TRSM,32.589999999999996,517.1731,195.44850000000002,515.7155
2025-01-31,58122166,58122166 - Charcuterie Bison and Herb Salami Fresh TRSM,116.64999999999999,2856.1276,1995.8815,2833.0832
2025-01-31,58122177,58122177 - Charcuterie Pancetta Flat Fresh TRSM,148.49,2728.284,2025.4036,2690.1386
2025-01-31,58122195,58122195 - Charcuterie Pork Pizza Pepperoni Hot Smoked Fresh TRSM,140.91,2012.0992999999999,1130.0982,1933.4457
2025-01-31,58122213,58122213 - Charcuterie Fennel Sticks Cold Smoked Fresh TRSM,233.69,3794.5567,2736.5099,3709.5734
2025-01-31,58122225,58122225 - Charcuterie Beer Sticks Cold Smoked Fresh TRSM,39.05,653.8241,466.9336,634.3796
2025-01-31,58122239,58122239 - Charcuterie Lonzino Fresh TRSM,44.57,854.7847,646.7107,847.2247
2025-01-31,58122249,58122249 - Charcuterie Beef Summer Salami Fresh TRSM,90.87,1418.1152,953.2263,1447.1255
2025-01-31,58122256,58122256 - Charcuterie Hot Smoked Pep Fresh TRSM,92.25999999999999,1009.8063,0.0,893.4585
2025-01-31,58122287,58122287 - Charcuterie Beef & Bison Pepper Sticks Cold Smoked Fresh TRSM,212.35,5129.7959,3259.5725,5029.4431
2025-01-31,58122295,58122295 - Charcuterie Triple Fennel & Ale Salami Fresh TRSM,146.32,2808.6131,1720.7232,2773.5181000000002
2025-01-31,58122299,"58122299 - Charcuterie Salami, Milano Fresh TRSM (Retail Case)",160.57,3018.21,1701.44,2978.0299999999997
2025-01-31,58122301,"58122301 - Charcuterie Salami, Tuscan Fresh TRSM (Retail Case)",188.03,3576.9,1990.82,3554.58
2025-01-31,58122302,"58122302 - Charcuterie Salami, Chorizo, Cold Smoked Fresh TRSM (Retail Case)",159.71,2889.46,1607.0,2841.82
2025-01-31,58122322,58122322 - Charcuterie Fennel Salami Sticks Cold Smoked Fresh TRSM (Retail Case),72.29,1386.97,819.0,1368.22
2025-01-31,58122323,58122323 - Charcuterie Spicy Pork Salami Sticks Cold Smoked Fresh TRSM (Retail Case),70.81,1344.8700000000001,789.75,1334.98
2025-01-31,58122324,"58122324 - Charcuterie Beer Salami Sticks, Cold Smoked Fresh TRSM (Retail Case)",81.41,1495.3400000000001,877.5,1485.95
2025-01-31,58122327,58122327 - Charcuterie Bison and Herb Salami SLICED Fresh TRSM (Pack),11.41,305.788,206.6351,305.788
2025-01-31,58122328,58122328 - Charcuterie Elk Goteborg Salami SLICED Fresh TRSM (Pack),22.15,593.62,393.384,593.62
2025-01-31,58122331,58122331 - Charcuterie Triple Fennel & Ale Salami SLICED Fresh TRSM (Pack),3.76,79.9752,47.977599999999995,79.9752
2025-01-31,58122333,58122333 - Charcuterie Soria Chorizo Salami SLICED Fresh TRSM (Pack),1.9,40.413,24.491,40.413
2025-01-31,58122336,58122336 - Charcuterie Coppa SLICED Fresh TRSM (Pack),16.72,377.87199999999996,270.6968,377.87199999999996
2025-01-31,58122339,58122339 - Charcuterie Elk Goteborg Salami SLICED Fresh TRSM (Retail Case),62.660000000000004,2080.59,1155.75,2127.8500000000004
2025-01-31,58122340,58122340 - Charcuterie Bison and Herb Salami SLICED Fresh TRSM (Retail Case),102.84,3444.52,1925.77,3480.6600000000003
2025-01-31,58122341,58122341 - Charcuterie Sour Tuscan Salami SLICED Fresh TRSM (Retail Case),48.85,1310.71,702.4,1407.91
2025-01-31,58122342,58122342 - Charcuterie Rosette Salami SLICED Fresh TRSM (Retail Case),46.1,1207.62,667.28,1304.54
2025-01-31,58122343,58122343 - Charcuterie Soria Chorizo Salami SLICED Fresh TRSM (Retail Case),22.22,490.82,287.36,544.8199999999999
2025-01-31,58122344,58122344 - Charcuterie Triple Fennel & Ale Salami SLICED Fresh TRSM (Retail Case),53.51,1401.52,748.65,1451.9
2025-01-31,58122345,58122345 - Charcuterie Classic Coppa Fresh TRSM,17.3,352.385,262.787,352.385
2025-01-31,58122350,58122350 - Charcuterie Pancetta Diced Fresh TRSM,85.84,1776.0296,1385.4576,1776.0296
2025-02-28,58122108,"58122108 - Charcuterie Chorizo, Cold Smoked Fresh TRSM",41.16,662.9300000000001,464.2848,659.5468
2025-02-28,58122113,58122113 - Charcuterie Coppa Fresh TRSM,74.67999999999999,1521.2428,1134.3892,1510.3808
2025-02-28,58122120,"58122120 - Charcuterie Duck Prosciutto, Cold Smoked Fresh TRSM",28.6,1106.736,843.414,1104.5373
2025-02-28,58122135,58122135 - Charcuterie Beef Bresaola Fresh TRSM,112.61,3174.7200000000003,2263.4610000000002,3133.7764
2025-02-28,58122137,"58122137 - Charcuterie Pepperbites, Cold Smoked Fresh TRSM",76.81,1210.9974,897.9089,1206.0735
2025-02-28,58122140,"58122140 - Charcuterie Spicy Pork Pepperoni, Cold Smoked Fresh TRSM",168.72,2691.2045,1979.0856,2675.4267999999997
2025-02-28,58122147,58122147 - Charcuterie Elk Goteborg Salami Fresh TRSM,113.5,2745.8451,1902.26,2730.555
2025-02-28,58122148,58122148 - Charcuterie Sour Tuscan Salami Fresh TRSM,30.66,583.2817,352.8966,582.602
2025-02-28,58122154,58122154 - Charcuterie Soria Chorizo Salami Fresh TRSM,133.95,2540.0912,1592.6655,2538.5603
2025-02-28,58122159,58122159 - Charcuterie Rosette Salami Fresh TRSM,52.43,1011.131,603.4693,991.896
2025-02-28,58122162,58122162 - Charcuterie Guanciale S-OFF Fresh TRSM,56.03,1117.465,719.9855,1037.3378
2025-02-28,58122166,58122166 - Charcuterie Bison and Herb Salami Fresh TRSM,168.06,4074.6933,2875.5066,4058.9835
2025-02-28,58122177,58122177 - Charcuterie Pancetta Flat Fresh TRSM,47.26,870.2211,644.6264,862.8975999999999
2025-02-28,58122195,58122195 - Charcuterie Pork Pizza Pepperoni Hot Smoked Fresh TRSM,142.62,2027.8954,1143.8124,1956.7278000000001
2025-02-28,58122213,58122213 - Charcuterie Fennel Sticks Cold Smoked Fresh TRSM,162.60999999999999,2625.8782,1904.1631,2571.8655
2025-02-28,58122225,58122225 - Charcuterie Beer Sticks Cold Smoked Fresh TRSM,43.96,748.5818,612.3628,740.9043
2025-02-28,58122239,58122239 - Charcuterie Lonzino Fresh TRSM,43.09,828.067,625.2359,827.8112
2025-02-28,58122249,58122249 - Charcuterie Beef Summer Salami Fresh TRSM,80.55,1284.2722,844.9695,1266.4445
2025-02-28,58122256,58122256 - Charcuterie Hot Smoked Pep Fresh TRSM,109.27,1172.288,0.0,1133.077
2025-02-28,58122287,58122287 - Charcuterie Beef & Bison Pepper Sticks Cold Smoked Fresh TRSM,163.05,3922.5268,2502.8175,3836.4501
2025-02-28,58122295,58122295 - Charcuterie Triple Fennel & Ale Salami Fresh TRSM,130.85,2484.1943,1538.796,2461.6803
2025-02-28,58122299,"58122299 - Charcuterie Salami, Milano Fresh TRSM (Retail Case)",137.28,2529.14,1439.6799999999998,2499.0
2025-02-28,58122301,"58122301 - Charcuterie Salami, Tuscan Fresh TRSM (Retail Case)",165.7,3058.14,1733.94,3072.54
2025-02-28,58122302,"58122302 - Charcuterie Salami, Chorizo, Cold Smoked Fresh TRSM (Retail Case)",180.76,3161.22,1767.7,3150.6
2025-02-28,58122322,58122322 - Charcuterie Fennel Salami Sticks Cold Smoked Fresh TRSM (Retail Case),104.09,1956.69,1170.0,2005.1000000000001
2025-02-28,58122323,58122323 - Charcuterie Spicy Pork Salami Sticks Cold Smoked Fresh TRSM (Retail Case),124.54,2371.61,1404.0,2405.02
2025-02-28,58122324,"58122324 - Charcuterie Beer Salami Sticks, Cold Smoked Fresh TRSM (Retail Case)",122.4,2206.75,1316.25,2238.3
2025-02-28,58122327,58122327 - Charcuterie Bison and Herb Salami SLICED Fresh TRSM (Pack),29.8,695.7280000000001,539.678,798.64
2025-02-28,58122328,58122328 - Charcuterie Elk Goteborg Salami SLICED Fresh TRSM (Pack),17.11,458.548,303.8736,458.548
2025-02-28,58122333,58122333 - Charcuterie Soria Chorizo Salami SLICED Fresh TRSM (Pack),2.03,43.1781,26.1667,43.1781
2025-02-28,58122334,58122334 - Charcuterie Rosette Salami SLICED Fresh TRSM (Pack),5.859999999999999,42.1146,73.3086,124.6422
2025-02-28,58122336,58122336 - Charcuterie Coppa SLICED Fresh TRSM (Pack),15.32,245.888,248.0308,346.23199999999997
2025-02-28,58122337,58122337 - Charcuterie Beef Bresaola SLICED Fresh TRSM (Pack),5.51,171.6365,116.26100000000001,171.6365
2025-02-28,58122338,58122338 - Charcuterie Lonzino SLICED Fresh TRSM (Pack),1.68,36.5064,24.5952,36.5064
2025-02-28,58122339,58122339 - Charcuterie Elk Goteborg Salami SLICED Fresh TRSM (Retail Case),29.21,929.07,508.53,920.83
2025-02-28,58122340,58122340 - Charcuterie Bison and Herb Salami SLICED Fresh TRSM (Retail Case),62.57,2208.84,1221.22,2221.1200000000003
2025-02-28,58122341,58122341 - Charcuterie Sour Tuscan Salami SLICED Fresh TRSM (Retail Case),24.619999999999997,669.03,351.2,691.51
2025-02-28,58122342,58122342 - Charcuterie Rosette Salami SLICED Fresh TRSM (Retail Case),15.649999999999999,444.32000000000005,210.71999999999997,435.6
2025-02-28,58122343,58122343 - Charcuterie Soria Chorizo Salami SLICED Fresh TRSM (Retail Case),15.16,447.22,215.52,436.32
2025-02-28,58122344,58122344 - Charcuterie Triple Fennel & Ale Salami SLICED Fresh TRSM (Retail Case),24.740000000000002,697.9300000000001,356.5,691.39
2025-02-28,58122345,58122345 - Charcuterie Classic Coppa Fresh TRSM,10.49,214.5205,159.3431,214.5205
2025-02-28,58122349,58122349 - Charcuterie Beef Summer Salami FZN TRSM,8.81,126.28,92.4169,140.87189999999998
2025-02-28,58122350,58122350 - Charcuterie Pancetta Diced Fresh TRSM,122.15,2527.2835,1971.501,2527.2835
2025-03-31,58122108,"58122108 - Charcuterie Chorizo, Cold Smoked Fresh TRSM",54.27,875.7195,612.1656,870.1549
2025-03-31,58122113,58122113 - Charcuterie Coppa Fresh TRSM,113.92,2309.4174000000003,1730.4448,2295.9024
2025-03-31,58122120,"58122120 - Charcuterie Duck Prosciutto, Cold Smoked Fresh TRSM",77.06,3019.4255,2272.4994,3015.1331
2025-03-31,58122135,58122135 - Charcuterie Beef Bresaola Fresh TRSM,82.62,2338.5723,1660.662,2321.5876
2025-03-31,58122137,"58122137 - Charcuterie Pepperbites, Cold Smoked Fresh TRSM",82.92999999999999,1327.5939,969.4517000000001,1327.288
2025-03-31,58122140,"58122140 - Charcuterie Spicy Pork Pepperoni, Cold Smoked Fresh TRSM",211.41,3390.6895,2479.8393,3371.4499
2025-03-31,58122147,58122147 - Charcuterie Elk Goteborg Salami Fresh TRSM,128.7,3149.1933,2157.012,3115.4414
2025-03-31,58122148,58122148 - Charcuterie Sour Tuscan Salami Fresh TRSM,81.97,1562.6352,943.4747,1551.8409000000001
2025-03-31,58122154,58122154 - Charcuterie Soria Chorizo Salami Fresh TRSM,143.37,2738.8334999999997,1704.6693,2721.7861
2025-03-31,58122159,58122159 - Charcuterie Rosette Salami Fresh TRSM,58.39,1136.783,672.0689,1117.8074000000001
2025-03-31,58122162,58122162 - Charcuterie Guanciale S-OFF Fresh TRSM,30.144000000000002,557.8711000000001,387.35040000000004,557.8711000000001
2025-03-31,58122166,58122166 - Charcuterie Bison and Herb Salami Fresh TRSM,198.84,4833.8732,3402.1524,4808.3945
2025-03-31,58122177,58122177 - Charcuterie Pancetta Flat Fresh TRSM,121.68,2219.6987,1659.7151999999999,2217.0402
2025-03-31,58122195,58122195 - Charcuterie Pork Pizza Pepperoni Hot Smoked Fresh TRSM,175.85,2488.7585,1410.317,2378.6873
2025-03-31,58122213,58122213 - Charcuterie Fennel Sticks Cold Smoked Fresh TRSM,196.71,3187.9401000000003,2303.4741,3132.9325
2025-03-31,58122225,58122225 - Charcuterie Beer Sticks Cold Smoked Fresh TRSM,50.82,912.006,707.9226,868.6838
2025-03-31,58122239,58122239 - Charcuterie Lonzino Fresh TRSM,64.28999999999999,1238.2909,932.8479,1233.4987
2025-03-31,58122249,58122249 - Charcuterie Beef Summer Salami Fresh TRSM,117.5,1897.552,1232.575,1863.2225
2025-03-31,58122256,58122256 - Charcuterie Hot Smoked Pep Fresh TRSM,122.91,1351.1984,0.0,1208.867
2025-03-31,58122287,58122287 - Charcuterie Beef & Bison Pepper Sticks Cold Smoked Fresh TRSM,212.32999999999998,5144.176,3259.2655,5062.1534
2025-03-31,58122295,58122295 - Charcuterie Triple Fennel & Ale Salami Fresh TRSM,183.91,3518.067,2162.7816000000003,3487.0215
2025-03-31,58122299,"58122299 - Charcuterie Salami, Milano Fresh TRSM (Retail Case)",144.95,2726.39,1537.84,2689.7
2025-03-31,58122301,"58122301 - Charcuterie Salami, Tuscan Fresh TRSM (Retail Case)",159.53,2998.69,1669.72,2976.7599999999998
2025-03-31,58122302,"58122302 - Charcuterie Salami, Chorizo, Cold Smoked Fresh TRSM (Retail Case)",190.9,3356.81,1864.12,3302.7999999999997
2025-03-31,58122322,58122322 - Charcuterie Fennel Salami Sticks Cold Smoked Fresh TRSM (Retail Case),113.71,2222.1600000000003,1316.25,2243.8
2025-03-31,58122323,58122323 - Charcuterie Spicy Pork Salami Sticks Cold Smoked Fresh TRSM (Retail Case),89.22,1658.38,994.5,1670.16
2025-03-31,58122324,"58122324 - Charcuterie Beer Salami Sticks, Cold Smoked Fresh TRSM (Retail Case)",85.62,1631.39,965.25,1621.17
2025-03-31,58122327,58122327 - Charcuterie Bison and Herb Salami SLICED Fresh TRSM (Pack),31.509999999999998,844.468,570.6461,844.468
2025-03-31,58122328,58122328 - Charcuterie Elk Goteborg Salami SLICED Fresh TRSM (Pack),30.28,811.504,537.7728,811.504
2025-03-31,58122331,58122331 - Charcuterie Triple Fennel & Ale Salami SLICED Fresh TRSM (Pack),7.5,159.525,95.69999999999999,159.525
2025-03-31,58122332,58122332 - Charcuterie Sour Tuscan Salami SLICED Fresh (Pack),3.88,82.5276,48.5388,82.5276
2025-03-31,58122334,58122334 - Charcuterie Rosette Salami SLICED Fresh TRSM (Pack),2.0,42.54,25.02,42.54
2025-03-31,58122335,58122335 - Charcuterie Beef Summer Salami SLICED Fresh TRSM (Pack),8.38,151.8456,96.2862,151.8456
2025-03-31,58122336,58122336 - Charcuterie Coppa SLICED Fresh TRSM (Pack),17.82,402.73199999999997,288.5058,402.73199999999997
2025-03-31,58122339,58122339 - Charcuterie Elk Goteborg Salami SLICED Fresh TRSM (Retail Case),13.42,498.45,277.38,484.53000000000003
2025-03-31,58122340,58122340 - Charcuterie Bison and Herb Salami SLICED Fresh TRSM (Retail Case),54.6,1948.36,1080.31,1923.7400000000002
2025-03-31,58122341,58122341 - Charcuterie Sour Tuscan Salami SLICED Fresh TRSM (Retail Case),13.75,436.34000000000003,210.71999999999997,434.15999999999997
2025-03-31,58122342,58122342 - Charcuterie Rosette Salami SLICED Fresh TRSM (Retail Case),10.02,256.63,140.48,256.63
2025-03-31,58122343,58122343 - Charcuterie Soria Chorizo Salami SLICED Fresh TRSM (Retail Case),9.93,262.62,143.68,258.26
2025-03-31,58122344,58122344 - Charcuterie Triple Fennel & Ale Salami SLICED Fresh TRSM (Retail Case),12.26,360.0,178.25,360.0
2025-03-31,58122345,58122345 - Charcuterie Classic Coppa Fresh TRSM,24.92,505.658,378.53479999999996,505.658
2025-03-31,58122349,58122349 - Charcuterie Beef Summer Salami FZN TRSM,5.86,87.9,61.4714,93.7014
2025-03-31,58122350,58122350 - Charcuterie Pancetta Diced Fresh TRSM,159.72,3304.6068,2577.8808,3304.6068
